iucn_sid,am_sid,sciname,area_am,area_iucn_shallow,area_overlap_shallow,sm_perc_shallow,sm_range_shallow,area_ratio_shallow,area_iucn_raw,area_overlap_raw,sm_perc_raw,sm_range_raw,area_ratio_raw
132859,URM-Cn-5604,Oulastrea crispata,6143414.3,9610987.2,4591052.549337752,74.731,AM,63.921,14064717.7,4709103.038850522,76.653,AM,43.68
132860,SLB-62998,Psammocora stellata,2432985.2,1961441.9,1213962.6392177565,61.891,IUCN,80.619,4553046.9,1276849.5439564995,52.481,AM,53.436
132863,SLB-93516,Acropora prostrata,8227951.7,7411115.2,5736332.288712124,77.402,IUCN,90.072,12767200,5882467.689184188,71.494,AM,64.446
132866,URM-Cn-4877,Montipora angulata,11276148.4,10557634.1,8523741.720797095,80.735,IUCN,93.628,17242193.6,8689466.104152283,77.061,AM,65.399
132869,URM-Cn-4750,Acropora florida,10313593.3,12904568.5,9025256.531226376,87.508,AM,79.922,23615392.7,9242604.379089657,89.616,AM,43.673
132871,URM-Cn-5952,Pectinia elongata,2042694.5,6253736.3,1752009.6491082238,85.77,AM,32.664,12521729.4,1807224.9918294954,88.473,AM,16.313
132874,URM-Cn-5888,Scolymia lacera,2190123.2,1994437.7,427603.2244706805,21.44,IUCN,91.065,3277527.9,427603.2244706805,19.524,AM,66.822
132875,URM-Cn-5982,Pocillopora kelleheri,5667840.2,3001949.8,2005822.9333611326,66.817,IUCN,52.965,4691240.7,2084822.8942317723,44.441,IUCN,82.769
132876,URM-Cn-4973,Leptoseris tubulifera,3307910.3,5396015.4,2198618.4900216865,66.465,AM,61.303,8773659.8,2302709.9469815735,69.612,AM,37.703
132877,URM-Cn-5759,Fungia fralinae,1891394.3,3682481.6,1666116.1877360863,88.089,AM,51.362,6414326.8,1712102.3716301073,90.521,AM,29.487
132878,URM-Cn-5549,Favia maxima,5039798.3,11652173.3,4438412.237881804,88.067,AM,43.252,17988781.2,4574511.392247588,90.768,AM,28.016
132880,URM-Cn-4995,Pavona venosa,11436066.4,13692316.4,9602949.96162282,83.971,AM,83.522,24105887.2,9816997.141740222,85.842,AM,47.441
132883,URM-Cn-5572,Goniastrea australensis,6194337.4,13382409.7,5084814.8992970325,82.088,AM,46.287,25602176.4,5304350.361000143,85.632,AM,24.195
132884,URM-Cn-5508,Colpophyllia natans,1337472.9,2163448.8,1252197.6440900804,93.624,AM,61.821,3517433.6,1275543.976209569,95.37,AM,38.024
132885,URM-Cn-4965,Leptoseris hawaiiensis,13602045.8,14017008.8,10419581.929294836,76.603,AM,97.04,25936278.6,10674544.816314798,78.477,AM,52.444
132886,SLB-93397,Acropora seriata,3588971,4693240.4,2581828.8007808337,71.938,AM,76.471,6987192.9,2615502.4642686234,72.876,AM,51.365
132892,URM-Cn-4910,Montipora hodgsoni,5777116.8,5445516.7,4181648.182546173,76.791,IUCN,94.26,8458041.8,4273581.1758737415,73.974,AM,68.303
132894,URM-Cn-5557,Favia veroni,5368772.2,11602940.1,4638621.934313838,86.4,AM,46.271,19709144.5,4819740.458721163,89.774,AM,27.24
132900,URM-Cn-5894,Symphyllia radians,13128206.3,13120216.2,10364731.532988103,78.998,IUCN,99.939,21985243.5,10590611.730272623,80.671,AM,59.714
132902,SLB-62642,Fungia puishani,614004.1,669177.7,482043.9288256665,78.508,AM,91.755,1525690.1,482043.9288256665,78.508,AM,40.244
132903,URM-Cn-4970,Leptoseris solida,8177866.4,8871298.2,4838302.792148162,59.163,AM,92.183,18259556.9,5034900.332216622,61.567,AM,44.787
132906,SLB-93376,Acropora irregularis,7631181,6576466,4637776.57562338,70.521,IUCN,86.179,11416584.5,4698111.169966941,61.565,AM,66.843
132908,URM-Cn-4818,Acropora rosaria,10241229.5,8929290.7,6793532.235395556,76.081,IUCN,87.19,17184773.6,6978113.121255482,68.137,AM,59.595
132909,URM-Cn-4848,Acropora turaki,6584709.7,6701847.2,4673617.137010884,70.977,AM,98.252,10005257.6,4762296.64407947,72.324,AM,65.812
132911,URM-Cn-4992,Pavona maldivensis,15018027,15166786.9,12093284.345767438,80.525,AM,99.019,29132833.9,12393599.700180449,82.525,AM,51.55
132915,SLB-158712,Siderastrea stellata,2997345.3,528938.9,452941.95513396885,85.632,IUCN,17.647,686235.6,465183.25526123605,67.788,IUCN,22.895
132916,URM-Cn-5470,Turbinaria irregularis,2547098.7,9011712.7,2262674.549803402,88.833,AM,28.264,16010025.7,2317863.1451506126,91,AM,15.909
132917,URM-Cn-4958,Gardineroseris planulata,15874009.9,15535267.5,12526839.853388285,80.635,IUCN,97.866,29409070.4,12827155.207801295,80.806,AM,53.977
132922,URM-Cn-5595,Montastrea curta,14216172.4,13758373.9,10984834.019948063,79.841,IUCN,96.78,26603248.9,11281585.555864016,79.357,AM,53.438
132923,URM-Cn-5985,Pocillopora woodjonesi,10147208.8,11373572.5,8644859.803504882,85.194,AM,89.217,21088459.2,8892469.016921042,87.635,AM,48.117
132927,SLB-61850,Leptoseris striata,2105246.8,6581022.1,1766629.6294481445,83.916,AM,31.99,9651208.3,1815716.455928804,86.247,AM,21.813
132928,URM-Cn-5953,Pectinia lactuca,8618545.3,12275344.7,7413910.63583519,86.023,AM,70.21,21582116.5,7586358.4644162925,88.024,AM,39.934
132931,URM-Cn-4854,Acropora willisae,8193755,10334541.2,6080625.081174056,74.21,AM,79.285,15809518,6204653.792732331,75.724,AM,51.828
132933,URM-Cn-4723,Acropora carduus,10827638,6358464.1,5454938.767017124,85.79,IUCN,58.724,13139037.2,5641475.502573279,52.103,AM,82.408
132935,URM-Cn-4807,Acropora plumosa,5100120.9,5349092.1,3958167.4931628895,77.609,AM,95.346,8628116.4,4040955.3848209414,79.233,AM,59.11
132936,SLB-190543,Favia pallida,16060350,15530037.8,13672019.92507199,88.036,IUCN,96.698,28589731.3,14002430.183585454,87.186,AM,56.175
132940,URM-Cn-4710,Acropora acuminata,7721655.5,11789417.3,6775803.0888353065,87.751,AM,65.496,21418653.8,6927185.109364298,89.711,AM,36.051
132941,URM-Cn-5862,Indophyllia macassarensis,3093061.2,140715.4,131545.11516080127,93.483,IUCN,4.549,195714.9,131545.11516080127,67.213,IUCN,6.328
132942,SLB-93057,Montipora patula,69062.2,172783.8,69062.17663333686,100,AM,39.97,637215.9,69062.17663333686,100,AM,10.838
132945,URM-Cn-6043,Porites colonensis,1800973.6,75914,69839.23084694841,91.998,IUCN,4.215,130453.8,69839.23084694841,53.536,IUCN,7.244
132946,SLB-93732,Acropora lianae,4293182.7,4323684.8,3234970.3429717203,75.351,AM,99.295,6399260.4,3277640.6647296534,76.345,AM,67.089
132950,SLB-158633,Acropora macrostoma,6366756.4,5085742.2,2449635.5914487056,48.167,IUCN,79.88,8410594.5,2498283.6053655082,39.24,AM,75.699
132957,URM-Cn-5465,Turbinaria bifrons,4455926,8546824,2696372.697430896,60.512,AM,52.135,12037478.6,2764472.5169524183,62.04,AM,37.017
132962,URM-Cn-5892,Symphyllia erythraea,739140.7,1256238.3,532539.4774166032,72.048,AM,58.838,2283966.3,541213.2839535482,73.222,AM,32.362
132963,URM-Cn-5591,Manicina areolata,2100033.7,2025270.6,1737012.9471217531,85.767,IUCN,96.44,3311168.1,1763096.9439225956,83.956,AM,63.423
132967,URM-Cn-5485,Euphyllia yaeyamaensis,8213611.1,7440467.3,5535391.4119087765,74.396,IUCN,90.587,14140735.5,5728988.822163394,69.75,AM,58.085
132968,URM-Cn-5779,Halomitra clavator,1891394.3,767788.1,314224.5528561388,40.926,IUCN,40.594,1270578.3,329583.0634653308,25.94,IUCN,67.177
132969,URM-Cn-4774,Acropora listeri,9315183.4,11666822.3,7465660.218819966,80.145,AM,79.843,20840128.1,7656098.941543913,82.189,AM,44.698
132970,URM-Cn-4954,Agaricia lamarcki,1405868.9,2001761.9,1314484.6733306928,93.5,AM,70.232,3304052.2,1337831.0054501814,95.16,AM,42.55
132972,URM-Cn-4800,Acropora paniculata,8356634.1,8615481.8,6205330.7924354775,74.256,AM,96.996,17093752.5,6395589.170764462,76.533,AM,48.887
132974,SLB-62368,Plerogyra discus,4365440.8,5260090.7,3276189.886951246,75.048,AM,82.992,8433012.1,3386432.0994816916,77.574,AM,51.766
132977,URM-Cn-4937,Montipora stilosa,1895641.6,1834312.6,1244773.8155143142,67.861,IUCN,96.765,3343077,1265364.7421460778,66.751,AM,56.703
132980,URM-Cn-5590,Leptoria phrygia,7999240.2,14617463.8,7047582.826072768,88.103,AM,54.724,27130626.1,7252647.690823209,90.667,AM,29.484
132983,URM-Cn-5584,Leptastrea bottae,9034260.5,9105184.8,5025570.954378108,55.628,AM,99.221,17410757,5163764.117685718,57.158,AM,51.889
132984,URM-Cn-4736,Acropora derawanensis,4996026.4,5004259.4,3844580.3164249,76.953,AM,99.835,7644258.5,3927329.9354791995,78.609,AM,65.357
132987,URM-Cn-5524,Echinopora gemmacea,11470427.5,13933486.1,9168242.582318414,79.929,AM,82.323,25504010.4,9400221.27237766,81.952,AM,44.975
132988,URM-Cn-4777,Acropora longicyathus,11131586.9,12227759.2,8739914.784756213,78.515,AM,91.035,23362051.5,8963338.751457496,80.522,AM,47.648
132990,URM-Cn-4790,Acropora multiacuta,7013136.6,6525341.6,4827008.350798364,73.973,IUCN,93.045,10367625.8,4933968.32733283,70.353,AM,67.645
132991,URM-Cn-6123,Coscinaraea crassa,5941954.3,7750171.6,4100080.844878986,69.002,AM,76.669,13345245.3,4231146.639523911,71.208,AM,44.525
132992,URM-Cn-4761,Acropora humilis,11931678.7,13959617.6,9692257.599327639,81.231,AM,85.473,26557697,9920953.480430009,83.148,AM,44.927
132996,URM-Cn-5772,Fungia seychellensis,1431876.7,960418.4,714605.3619471064,74.406,IUCN,67.074,2639077.3,729736.5052673811,50.964,AM,54.257
133000,URM-Cn-4796,Acropora ocellata,5301213.8,1356033,801617.8948346962,59.115,IUCN,25.58,2483682.5,821896.9736510076,33.092,IUCN,46.851
133002,SLB-117497,Seriatopora stellata,8036035.2,7548818.1,5228231.726744697,69.259,IUCN,93.937,14014039.1,5313940.846431271,66.126,AM,57.343
133003,URM-Cn-5583,Leptastrea bewickensis,5513587,7628858.6,2721849.0444063554,49.366,AM,72.273,12228122,2786445.144168243,50.538,AM,45.089
133004,SLB-62804,Simplastrea vesicularis,2931421.9,4980293.9,2503232.7729312098,85.393,AM,58.86,7508054.4,2561517.8136431132,87.381,AM,39.044
133006,URM-Cn-4798,Acropora palmata,1410920.9,2040852.7,1334493.88171565,94.583,AM,69.134,3377834.9,1349150.7720782731,95.622,AM,41.77
133007,URM-Cn-4917,Montipora malampaya,4393021.4,4911304.5,3224513.611406939,73.401,AM,89.447,7664344.8,3270086.982683606,74.438,AM,57.318
133008,URM-Cn-5775,Fungia spinifer,1891394.3,3991838.3,1672269.7360597374,88.415,AM,47.382,7660192.4,1715232.3041978495,90.686,AM,24.691
133011,SLB-117488,Pocillopora ankeli,4495754.3,5045766,3528083.730259335,78.476,AM,89.1,7578521.9,3555696.378326429,79.09,AM,59.322
133013,URM-Cn-4755,Acropora grandis,11267053.2,12488881.1,8887443.976044435,78.88,AM,90.217,22952496.1,9107418.698349811,80.832,AM,49.089
133018,URM-Cn-4786,Acropora minuta,2659957.1,4171410.6,2296595.1778508495,86.34,AM,63.766,6140179.4,2330277.901222926,87.606,AM,43.321
133020,URM-Cn-4841,Acropora tenuis,12278697.3,14030936.4,10152143.74870525,82.681,AM,87.512,26427978.8,10395503.53866648,84.663,AM,46.461
133023,URM-Cn-6062,Porites lichen,6172007.5,13507477.3,5345113.975879593,86.603,AM,45.693,26502756.5,5564936.877506814,90.164,AM,23.288
133024,URM-Cn-5827,Merulina scabricula,5208787,12140761.3,4609514.3970634695,88.495,AM,42.903,21756101.2,4799459.734145175,92.142,AM,23.942
133025,URM-Cn-4850,Acropora vaughani,9541216.8,11858137.9,8242910.959665635,86.393,AM,80.461,22395351.1,8454044.516488079,88.606,AM,42.604
133026,SLB-117486,Mycedium mancaoi,2160621.3,7954051.3,1776494.9200468885,82.221,AM,27.164,15896982.1,1837834.5211107077,85.06,AM,13.591
133029,URM-Cn-5552,Favia rotumana,3976410.8,14779452.5,3597897.36370355,90.481,AM,26.905,26971776.9,3648974.3790143123,91.766,AM,14.743
133031,URM-Cn-4897,Montipora effusa,11350225,8037868,6242346.614647246,77.662,IUCN,70.817,16171174.4,6394976.790167226,56.342,AM,70.188
133032,URM-Cn-5869,Lobophyllia flabelliformis,8907043,6402082.1,5511309.032262695,86.086,IUCN,71.877,10108688.8,5653675.737907893,63.474,AM,88.113
133033,URM-Cn-4813,Acropora pulchra,11340449.2,12710179.8,9193025.125786323,81.064,AM,89.223,24319847.7,9422162.310009452,83.085,AM,46.63
133034,SLB-189121,Fungia fragilis,2514255.1,13501825.4,2411236.656892893,95.903,AM,18.622,23760098.9,2451080.2074694103,97.487,AM,10.582
133037,URM-Cn-5885,Mycetophyllia reesi,1317706.3,1785050.8,1160169.4849965936,88.045,AM,73.819,3045500.5,1174826.3753592167,89.157,AM,43.267
133038,URM-Cn-6069,Porites nigrescens,1796400.8,13261645,1759601.102527009,97.951,AM,13.546,24330177.1,1790290.7304609292,99.66,AM,7.383
133043,URM-Cn-6135,Psammocora digitata,12147658.4,12511815.2,9832288.520268736,80.94,AM,97.089,23741555.4,10094687.627733294,83.1,AM,51.166
133045,SLB-158820,Pocillopora ligulata,5451341.3,1312501.1,714231.9905517905,54.418,IUCN,24.077,5514415.1,791498.8940597216,14.519,AM,98.856
133046,URM-Cn-4861,Anacropora spinosa,5869289.3,5934132.3,3978166.499967921,67.779,AM,98.907,10015301.9,4044867.016985248,68.916,AM,58.603
133053,URM-Cn-5887,Scolymia cubensis,2433066.4,2705411.8,2118955.2600750183,87.09,AM,89.933,4260525.7,2142301.592194507,88.049,AM,57.107
133055,URM-Cn-5564,Favites halicora,6478114.4,13180761.3,5775314.734421068,89.151,AM,49.148,23631365.9,5968707.788950622,92.136,AM,27.413
133057,URM-Cn-5482,Euphyllia paradivisa,2775251.3,4207260,2314799.502119181,83.409,AM,65.963,6301427.3,2360762.1213005586,85.065,AM,44.042
133058,URM-Cn-5930,Echinophyllia echinata,6137516.6,11507508.4,4639814.186905128,75.598,AM,53.335,23245080.5,4826966.553178244,78.647,AM,26.404
133059,URM-Cn-5617,Platygyra verweyi,7265440.7,9199086.8,5939162.584954339,81.745,AM,78.98,13254309.8,6045081.733311784,83.203,AM,54.816
133064,URM-Cn-4899,Montipora florida,3227050.9,4552550.2,2658995.816542601,82.397,AM,70.884,6668378.1,2677408.3628869695,82.968,AM,48.393
133066,URM-Cn-4913,Montipora informis,14039476.5,14520872.7,11842104.174242469,84.349,AM,96.685,27155548.3,12139921.705026535,86.47,AM,51.7
133070,URM-Cn-5601,Montastrea colemani,9467492.7,8411294.3,6200143.568632051,73.712,IUCN,88.844,13626373.8,6330991.391451904,66.871,AM,69.479
133071,URM-Cn-4901,Montipora foliosa,12788824,14051515.9,10377806.766941598,81.147,AM,91.014,25883118.7,10624443.163984502,83.076,AM,49.41
133076,URM-Cn-5873,Lobophyllia robusta,10391042.7,9577099.3,6712240.743601219,70.086,IUCN,92.167,16561354.8,6866275.677672889,66.079,AM,62.743
133081,URM-Cn-4770,Acropora kirstyae,5187806.8,7069203.9,3741682.2644168753,72.125,AM,73.386,13798254,3833571.4085364146,73.896,AM,37.598
133082,URM-Cn-6064,Porites lutea,6450764.7,15874924.7,5889352.074155354,91.297,AM,40.635,29507998.7,6113313.622602131,94.769,AM,21.861
133084,SLB-62376,Barabattoia amicorum,6565188,12677657.2,5828513.146078445,88.779,AM,51.785,23313404,6030437.977057099,91.855,AM,28.161
133087,URM-Cn-4836,Acropora subglabra,9375094.3,10816297.7,8213453.946298969,87.609,AM,86.676,18712562.4,8410134.750353448,89.707,AM,50.101
133088,URM-Cn-5528,Echinopora lamellosa,9499566.5,14756518.4,8218124.74637303,86.511,AM,64.375,27548594.3,8435301.098268423,88.797,AM,34.483
133089,URM-Cn-5935,Echinophyllia patula,1891394.3,7504925.9,1705869.0510919443,90.191,AM,25.202,11891181.3,1751855.234985965,92.622,AM,15.906
133090,URM-Cn-5587,Leptastrea purpurea,10233777.7,15680692.4,8975371.20009738,87.703,AM,65.264,29217640.7,9210427.217115298,90,AM,35.026
133092,URM-Cn-4866,Astreopora incrustans,7295308.9,5512070.7,4008903.6891047885,72.73,IUCN,75.556,8373770.7,4065826.623732918,55.732,AM,87.121
133094,URM-Cn-6138,Psammocora nierstraszi,11110862.3,12732681,8498136.078276074,76.485,AM,87.263,23674314,8735391.061096104,78.62,AM,46.932
133096,SLB-158798,Porites columnaris,1375484.3,835443.1,625831.0370533788,74.91,IUCN,60.738,1306199.7,631616.6193951829,48.355,IUCN,94.963
133097,SLB-117490,Pocillopora danae,7533084.8,6383936.4,4826273.486850989,75.6,IUCN,84.745,10681124.5,4941872.236043232,65.602,AM,70.527
133099,URM-Cn-5977,Pocillopora elegans,9261402.2,6638728.3,4825020.026096273,72.68,IUCN,71.682,14110059.1,4964737.77415584,53.607,AM,65.637
133100,URM-Cn-4956,Agaricia undata,1831410.7,1750265.3,1228136.620861253,70.169,IUCN,95.569,2744023.5,1248623.442996481,68.178,AM,66.742
133102,URM-Cn-5814,Dichocoenia stokesii,2327645.4,2195985.9,1880331.549350536,85.626,IUCN,94.344,3596872,1906415.5461513784,81.903,AM,64.713
133106,URM-Cn-5849,Acanthastrea hillae,9418372.6,12416498.7,8018815.211411431,85.14,AM,75.854,21960086.2,8205962.802985242,87.127,AM,42.889
133109,URM-Cn-5901,Galaxea acrhelia,3750825.2,4484518.5,2290349.6535586873,61.063,AM,83.639,8024262.9,2363952.0564667135,63.025,AM,46.744
133110,URM-Cn-5750,Ctenactis crassa,6126103.2,11426016.6,5280812.843656207,86.202,AM,53.615,19471233.5,5468079.099053909,89.259,AM,31.462
133111,SLB-61810,Montipora saudii,286318.5,488745.8,269025.098166782,93.96,AM,58.582,625245,274810.6805085861,95.981,AM,45.793
133112,URM-Cn-4724,Acropora caroliniana,7030440.4,5543233.9,3911037.1815451873,70.555,IUCN,78.846,9844518.3,4033095.0691273664,57.366,AM,71.415
133113,URM-Cn-4880,Montipora cactus,4123881,4934734.4,2991558.01687234,72.542,AM,83.568,7649012.1,3031384.5174303944,73.508,AM,53.914
133115,SLB-93474,Acropora retusa,10010561.6,6528650,4735455.956965164,72.533,IUCN,65.218,13603677.4,4847703.69418169,48.426,AM,73.587
133120,SLB-61654,Acropora latistella,12495180.5,13400753,9379380.051458746,75.064,AM,93.242,25435654.4,9608517.235681877,76.898,AM,49.125
133121,URM-Cn-6145,Siderastrea glynni,83966.4,30447.5,0,0,IUCN,36.262,30447.5,0,0,IUCN,36.262
133122,SLB-93687,Acropora plantaginea,2139229.2,1393862.6,1081335.3044605155,77.578,IUCN,65.157,2910885.6,1101769.2251742408,51.503,AM,73.491
133124,SLB-158750,Dendrogyra cylindrus,2359887.1,1976661.2,1241398.5630029603,62.803,IUCN,83.761,3211066.1,1876230.8744634502,79.505,AM,73.492
133125,URM-Cn-4748,Acropora fenneri,3115592.8,4275630.8,2608169.7803996345,83.713,AM,72.869,6285504.6,2626582.3267440023,84.304,AM,49.568
133127,URM-Cn-5896,Symphyllia valenciennesii,13677552,13808612.1,11081657.811175315,81.021,AM,99.051,24959400.9,11325489.709219549,82.803,AM,54.799
133128,URM-Cn-4812,Acropora pruinosa,243067.6,1129348.5,201551.33437698527,82.92,AM,21.523,1346025.6,201551.33437698527,82.92,AM,18.058
133129,URM-Cn-4872,Astreopora ocellata,10476922.3,11449364.1,8056966.042141204,76.902,AM,91.507,20106843.7,8253182.076922956,78.775,AM,52.106
133131,URM-Cn-4903,Montipora friabilis,9091460.4,7498276.3,5174481.778401764,69.009,IUCN,82.476,12242975.4,5277863.398287974,58.053,AM,74.259
133132,URM-Cn-4714,Acropora aspera,11995499.3,10985783.6,9438973.659253052,85.92,IUCN,91.583,20046255.3,9695312.539970672,80.825,AM,59.839
133133,URM-Cn-4708,Acropora abrolhosensis,7498361.8,5178288.5,3662917.108196648,70.736,IUCN,69.059,9650161.9,3765724.3689871742,50.221,AM,77.702
133134,URM-Cn-5592,Montastraea annularis,3344431.7,2141157.7,1715331.6503766212,80.112,IUCN,64.022,3492335.2,2336509.57481222,69.863,AM,95.765
133139,SLB-184813,Isopora palifera,11222369.6,13045661.3,9306980.597543567,82.932,AM,86.024,23525889.9,9512365.848155957,84.763,AM,47.702
133142,URM-Cn-5096,Cladocora caespitosa,1333772.6,1032310.8,863436.9138695927,83.641,IUCN,77.398,1148304.7,868390.0978207425,75.624,IUCN,86.094
133144,W-Hyd-210726,Millepora alcicornis,3143987.4,1971565.3,991629.1492510759,50.297,IUCN,62.709,3297740.4,997516.3901702705,31.728,AM,95.338
133145,URM-Cn-5008,Stylocoeniella cocosensis,5428185,4600458.6,3587698.473649408,77.986,IUCN,84.751,7087641,3660487.4491547104,67.435,AM,76.587
133148,URM-Cn-5751,Ctenactis echinata,10077614.7,12544894.2,8867805.8997759,87.995,AM,80.332,22117827.2,9096880.952271428,90.268,AM,45.563
133151,URM-Cn-5542,Favia lacuna,286202.2,623335.1,268997.0149785528,93.988,AM,45.915,954823.9,277670.82151549775,97.019,AM,29.974
133152,URM-Cn-5872,Lobophyllia pachysepta,9900375.7,10361901.3,7857058.446520583,79.361,AM,95.546,17803623.4,8041832.66303889,81.228,AM,55.609
133157,URM-Cn-5889,Scolymia vitiensis,12775297.6,9749293.1,8320562.992825272,85.345,IUCN,76.314,20705941.6,8577297.986682022,67.14,AM,61.699
133158,URM-Cn-5787,Podabacia crustacea,10377509.3,12474036.7,8064386.533896407,77.71,AM,83.193,22075359.1,8599781.540401388,82.869,AM,47.009
133160,URM-Cn-4715,Acropora austera,11944364.2,12923431.6,9055277.34929456,75.812,AM,92.424,24610911.5,9281401.32953837,77.705,AM,48.533
133161,URM-Cn-5610,Platygyra contorta,3972423.8,7781611.6,2947998.9982114,74.212,AM,51.049,15340360.4,3105055.3456048435,78.165,AM,25.895
133165,URM-Cn-5921,Oculina varicosa,1657570.2,2506096.1,1506045.4992189154,90.859,AM,66.142,3898108,1520702.3895815383,91.743,AM,42.522
133169,URM-Cn-5993,Stylophora mamillata,833725.5,835443.1,608939.8074384495,73.038,AM,99.794,1306199.7,617613.6139753944,74.079,AM,63.828
133172,SLB-62815,Echinophyllia aspera,9456404.7,15027282.7,8372422.767468214,88.537,AM,62.928,27548720.5,8616569.102599438,91.119,AM,34.326
133175,URM-Cn-4896,Montipora efflorescens,12778718.8,13646018,10228623.656936549,80.044,AM,93.644,25603731.1,10487019.75633411,82.066,AM,49.91
133176,SLB-117467,Coscinaraea exesa,7189433.2,10574194.3,5952170.013638552,82.791,AM,67.99,19894106.9,6157742.747006204,85.65,AM,36.139
133177,URM-Cn-5472,Turbinaria patula,6419322,10213256.6,5688011.896055421,88.608,AM,62.853,16962542,5852258.323742702,91.166,AM,37.844
133178,URM-Cn-5593,Montastrea annuligera,11250636.8,10409340.1,7583307.99678432,72.851,IUCN,92.522,19670632.9,7791419.804773915,69.253,AM,57.195
133182,SLB-184808,Isopora brueggemanni,10294916.3,10026454.4,6406496.519955082,63.896,IUCN,97.392,14914068.6,6527678.157387811,63.407,AM,69.028
133183,URM-Cn-5761,Fungia granulosa,5994876.8,12904605.5,5235005.644311551,87.325,AM,46.455,24750091.5,5427975.423341928,90.544,AM,24.222
133184,SLB-62757,Mussismilia hispida,365727.8,534316.7,341712.7528768363,93.434,AM,68.448,688544.6,341712.7528768363,93.434,AM,53.116
133186,URM-Cn-4900,Montipora floweri,12323396.1,12226048.4,9231239.030565089,75.505,IUCN,99.21,22901342.5,9463846.195866164,76.796,AM,53.811
133192,URM-Cn-5947,Oxypora glabra,2999712.1,9731317.4,2575024.5642434172,85.842,AM,30.825,15235692.5,2678897.0630380926,89.305,AM,19.689
133193,W-Oct-210725,Heliopora coerulea,8485223.6,14984175.8,6587857.996751944,77.639,AM,56.628,26364351.4,6742266.675465852,79.459,AM,32.184
133194,URM-Cn-4893,Montipora digitata,11638431.6,12124347.8,9338751.624094281,80.241,AM,95.992,21444512.7,9547274.182153024,82.032,AM,54.272
133195,SLB-93690,Acropora appressa,1264631.7,1408688.4,1078595.0018011471,85.289,AM,89.774,3180519.5,1087596.3097159253,86.001,AM,39.762
133197,URM-Cn-5984,Pocillopora verrucosa,15350510.3,15868599.4,13196645.188484564,85.969,AM,96.735,30742917.8,13523585.49909857,88.099,AM,49.932
133200,URM-Cn-5606,Oulophyllia crispa,6344008.3,13865523.3,5553434.956002194,87.538,AM,45.754,25202921.4,5755359.786980849,90.721,AM,25.172
133201,SLB-190518,Fungia scutaria,6215829.7,13302579.7,5155324.144312874,82.939,AM,46.726,26139398.8,5395466.25610516,86.802,AM,23.78
133203,URM-Cn-4840,Acropora tenella,9913989.4,4543461.3,3940310.601638984,86.725,IUCN,45.829,8547060.9,4088619.2238672283,47.837,IUCN,86.212
133206,URM-Cn-4819,Acropora roseni,417487.8,449539.3,220840.4630951031,52.897,AM,92.87,1189093.1,229841.77100988122,55.054,AM,35.11
133209,URM-Cn-5567,Favites pentagona,8618118.4,14209664.6,7489699.188505132,86.906,AM,60.65,25448833.6,7703885.863374526,89.392,AM,33.864
133210,URM-Cn-5554,Favia speciosa,13384619.6,15372491.1,11464977.00426956,85.658,AM,87.069,27511141.6,11708649.954422789,87.478,AM,48.652
133212,URM-Cn-5915,Oculina diffusa,2057589.7,2002238.4,1505502.7575679673,75.191,IUCN,97.31,3332229.8,1520159.6479305902,73.881,AM,61.748
133213,URM-Cn-5786,Lithophyllon undulatum,2547098.7,7311167.9,2277401.7186509334,89.412,AM,34.838,10823100.3,2332590.313998144,91.578,AM,23.534
133215,URM-Cn-5777,Fungia tenuis,10452900,12486836.6,6685757.816780116,63.961,AM,83.711,24787392.3,6864971.28092323,65.675,AM,42.17
133216,URM-Cn-6063,Porites lobata,5724547.2,15847748.3,4651180.113276953,81.25,AM,36.122,29466112.9,4895744.545885728,85.522,AM,19.428
133217,SLB-158789,Meandrina danae,2354492.7,2000252.9,1594573.3505688272,79.719,IUCN,84.955,3283343.1,1611967.9056128042,68.463,AM,71.71
133218,URM-Cn-4975,Pachyseris foliosa,4248130.4,3518340.3,2521909.44961286,71.679,IUCN,82.821,6025657.6,2607589.7136938022,61.382,AM,70.501
133219,URM-Cn-5486,Nemenzophyllia turbida,4128052,5284605.2,3245568.938544832,78.622,AM,78.115,8522115.4,3346600.5824002298,81.07,AM,48.439
133220,URM-Cn-4882,Montipora caliculata,11449308.4,11246829.9,9391549.372275483,83.504,IUCN,98.232,21484707.8,9636183.874166423,84.164,AM,53.291
133222,URM-Cn-5975,Pocillopora damicornis,11399100,15765060.1,7771109.562266584,68.173,AM,72.306,29937359.9,8017877.7798268795,70.338,AM,38.077
133223,URM-Cn-4740,Acropora donei,8128143.1,10892026.2,7160447.930851521,88.095,AM,74.625,18587640.7,7327678.127048017,90.152,AM,43.729
133227,SLB-93757,Astreopora expansa,10753997.9,11797580.3,8249381.052585984,76.71,AM,91.154,20881268.9,8434313.495666292,78.43,AM,51.501
133231,URM-Cn-5517,Diploastrea heliopora,10725560.1,13342394.1,8952784.538470028,83.471,AM,80.387,23920824.4,9151998.47019645,85.329,AM,44.838
133233,URM-Cn-4769,Acropora kimbeensis,6679606.3,6018003.7,4368818.841084316,72.596,IUCN,90.095,9622131.9,4481538.880120997,67.093,AM,69.419
133236,URM-Cn-5907,Galaxea paucisepta,2302536.2,5815995.9,2040646.3928505515,88.626,AM,39.59,10653420.4,2138733.7727985675,92.886,AM,21.613
133237,SLB-62474,Montastraea cavernosa,6839159.7,3548164,3284122.77336886,92.558,IUCN,51.88,5660885,4363404.769589661,77.08,IUCN,82.772
133238,URM-Cn-4909,Montipora hispida,13000469.4,13149855.2,10189250.698248537,78.376,AM,98.864,24106002.5,10445002.304170476,80.343,AM,53.93
133239,URM-Cn-4792,Acropora nasuta,12720633.4,14529843.2,10450703.71118657,82.156,AM,87.548,27456911.1,10685273.683502696,84,AM,46.329
133240,URM-Cn-4982,Pavona clavus,14958757.8,14635475.3,12016052.400167348,82.102,IUCN,97.839,27628662.3,12323468.689572012,82.383,AM,54.142
133242,URM-Cn-4989,Pavona frondifera,13487624.3,10583238.6,7731076.610286578,73.05,IUCN,78.466,20792047.9,7927246.827250274,58.774,AM,64.869
133244,URM-Cn-5563,Favites flexuosa,5169894.3,14746027.8,4709368.930019131,91.092,AM,35.06,27164834.8,4902159.7972130235,94.821,AM,19.032
133246,URM-Cn-5846,Acanthastrea echinata,14758379.5,14844139.3,12099686.932817195,81.985,AM,99.422,27477535.7,12376350.944166748,83.86,AM,53.711
133248,URM-Cn-4816,Acropora robusta,12001813.4,13714029.1,9754259.620626552,81.273,AM,87.515,26229850.5,9986195.766464856,83.206,AM,45.756
133250,URM-Cn-4738,Acropora digitifera,12217911,13901010.5,9873627.710188312,80.813,AM,87.892,26603682.4,10102550.652047295,82.686,AM,45.926
133251,URM-Cn-5996,Stylophora wellsi,1438893.3,962227.8,723845.4605090523,75.226,IUCN,66.873,1573544.8,735458.9847168208,51.113,AM,91.443
133252,URM-Cn-4846,Acropora tortuosa,3014985.2,5225654.7,2318008.3137133666,76.883,AM,57.696,11451033.8,2415005.630654904,80.1,AM,26.329
133253,URM-Cn-5860,Blastomussa wellsi,12462962.5,10828076.7,8589748.097845031,79.328,IUCN,86.882,18143755.5,8803667.900221072,70.639,AM,68.69
133255,URM-Cn-4953,Agaricia humilis,1848017.4,2047082.7,1707758.1112258683,92.41,AM,90.276,3332980.2,1733842.108026711,93.822,AM,55.446
133256,URM-Cn-5481,Euphyllia glabrescens,13249830.4,13813097.2,11271051.44958779,85.066,AM,95.922,24378384.2,11514698.615182597,86.904,AM,54.351
133258,URM-Cn-5495,Plerogyra sinuosa,8887308.7,13589321.2,7437340.112485054,83.685,AM,65.399,25784256.3,7716562.749819871,86.827,AM,34.468
133260,URM-Cn-6149,Trachyphyllia geoffroyi,18838082.7,12484397.7,11831981.666461395,94.774,IUCN,66.272,19431093.6,13073906.43033645,69.401,AM,96.948
133261,URM-Cn-4983,Pavona danai,6538641.1,5933195.5,4175521.060781885,70.376,IUCN,90.74,8600641,4244370.046387222,64.912,AM,76.025
133267,URM-Cn-4868,Astreopora listeri,11063606,11051082.2,8326535.502580783,75.346,IUCN,99.887,21979102.4,8549366.740054892,77.275,AM,50.337
133268,URM-Cn-5875,Micromussa diminuta,4396965.4,4819696.7,3292140.173293711,74.873,AM,91.229,7189635.5,3331957.6139674787,75.779,AM,61.157
133269,URM-Cn-5782,Heliofungia actiniformis,7694004.6,8104306.1,4736686.231980631,61.563,AM,94.937,12661771,5209251.293460541,67.705,AM,60.766
133271,URM-Cn-4824,Acropora sarmentosa,9185327.1,10642470.6,7606167.0896485,82.808,AM,86.308,19788039.9,7808444.621077097,85.01,AM,46.419
133272,URM-Cn-5954,Pectinia paeonia,6425246.6,11437230.8,5679334.038743408,88.391,AM,56.178,19851005,5875427.106815491,91.443,AM,32.367
133277,URM-Cn-6040,Porites australiensis,4707547.5,12494438,3592266.9142766627,76.309,AM,37.677,23547412.2,3811727.2838211646,80.971,AM,19.992
133281,URM-Cn-5963,Madracis formosa,1907664.3,2114485.7,1736079.3617592084,91.005,AM,90.219,3489689.9,1759425.693878697,92.229,AM,54.666
133283,URM-Cn-4718,Acropora batunai,4996026.4,5278412.9,3847655.2286152807,77.014,AM,94.65,8403044.1,3930404.8476695796,78.671,AM,59.455
133284,URM-Cn-5620,Plesiastrea versipora,14814190.3,16029554.2,12050657.4478581,81.345,AM,92.418,29257005.8,12329750.698233519,83.229,AM,50.635
133289,SLB-117478,Euphyllia paraancora,5521310,6105791.6,3903142.536100911,70.692,AM,90.427,10660728.6,4031611.622856294,73.019,AM,51.791
133290,URM-Cn-5560,Favites abdita,6200353,15294635.5,5642469.465332292,91.002,AM,40.539,27536013.5,5820536.961786027,93.874,AM,22.517
133291,URM-Cn-4835,Acropora striata,7946522.1,5369524.7,3388636.5275046327,63.109,IUCN,67.571,9899054.6,3436510.945586388,43.245,AM,80.276
133292,URM-Cn-4871,Astreopora myriophthalma,12575550.9,14429878.5,10452977.77444639,83.121,AM,87.149,27772579.9,10702190.048898574,85.103,AM,45.28
133298,URM-Cn-4942,Montipora turgescens,14284557.1,14304871.7,11795921.858227307,82.578,AM,99.858,26780266.5,12090277.954356588,84.639,AM,53.34
133302,URM-Cn-4865,Astreopora gracilis,11436157.5,11093325,7935098.240539211,71.53,IUCN,97.002,19320183.7,8127998.985383928,71.073,AM,59.193
133304,URM-Cn-5870,Lobophyllia hataii,12936495.3,12678735.4,9998738.126970064,78.862,IUCN,98.007,21708919,10218644.655310417,78.991,AM,59.591
133305,URM-Cn-4946,Montipora verrilli,178720.6,570109,145161.39746092446,81.223,AM,31.348,2526518.5,159206.09676722105,89.081,AM,7.074
133307,URM-Cn-5553,Favia rotundata,9417050.4,11655342.7,7334490.15021554,77.885,AM,80.796,19725502.5,7551670.488567542,80.191,AM,47.74
133308,SLB-190516,Fungia scruposa,6748791.9,11270160.6,5533680.885740145,81.995,AM,59.882,22535127.6,5762559.785005962,85.387,AM,29.948
133309,URM-Cn-5981,Pocillopora inflata,623494,283513.7,210259.073671369,74.162,IUCN,45.472,616363.5,210259.073671369,34.113,IUCN,98.856
133311,URM-Cn-4757,Acropora halmaherae,4555577,907137.9,708182.6646760273,78.068,IUCN,19.913,1885379.8,732708.943314253,38.863,IUCN,41.386
133313,URM-Cn-4733,Acropora cytherea,12791540.1,13832004.6,10250625.388412682,80.136,AM,92.478,26241597.4,10499799.206822494,82.084,AM,48.745
133315,URM-Cn-4788,Acropora monticulosa,11087822.2,12718422.4,8623100.870233824,77.771,AM,87.179,23676537.5,8819614.788417717,79.543,AM,46.83
133319,URM-Cn-4760,Acropora horrida,12662130.7,14145107,10297030.47032987,81.321,AM,89.516,26578258.1,10540702.242946682,83.246,AM,47.641
133320,URM-Cn-4830,Acropora solitaryensis,9270942.8,10095657.2,7521482.499204004,81.13,AM,91.831,17413211.5,7699798.415432022,83.053,AM,53.241
133324,URM-Cn-4752,Acropora gemmifera,12399598.9,13461248.3,9520816.523527151,76.783,AM,92.113,23368163.9,9743329.465546062,78.578,AM,53.062
133325,URM-Cn-5510,Cyphastrea chalcidicum,8394775.6,14011701.9,7429624.519960131,88.503,AM,59.913,26397610.4,7634616.121194641,90.945,AM,31.801
133327,URM-Cn-4779,Acropora lovelli,5218773.9,5862100.3,2952848.4039450474,56.581,AM,89.026,11651008.1,3074148.2840803913,58.906,AM,44.792
133329,URM-Cn-6079,Porites stephensoni,10967233.1,11468074.6,6321945.641469475,57.644,AM,95.633,19267728,6500122.099877578,59.269,AM,56.92
133333,URM-Cn-5605,Oulophyllia bennettae,6087730.6,11608516.8,5304572.550965425,87.135,AM,52.442,19838031.4,5494862.422119034,90.261,AM,30.687
133334,URM-Cn-4719,Acropora branchi,680918.8,491834.8,298868.8291163493,60.766,IUCN,72.231,869299.2,298868.8291163493,43.892,AM,78.33
133337,URM-Cn-5826,Merulina ampliata,12947529.8,13658584,10459324.548730217,80.782,AM,94.794,25770604.2,10724445.45411329,82.83,AM,50.241
133340,URM-Cn-5897,Symphyllia wilsoni,627907,1100513.9,600981.9879488595,95.712,AM,57.056,1284564.2,600981.9879488595,95.712,AM,48.881
133343,URM-Cn-5569,Favites russelli,4556658.7,13573765.3,4045872.5945976083,88.79,AM,33.57,25682470.6,4220370.404370579,92.62,AM,17.742
133344,URM-Cn-5790,Podabacia sinai,286202.2,488745.8,268997.0149785528,93.988,AM,58.558,625245,277670.82151549775,97.019,AM,45.774
133345,URM-Cn-4941,Montipora tuberculosa,14858719.5,14799793.5,12390886.21067474,83.723,IUCN,99.603,28813953.5,12702898.19175196,85.491,AM,51.568
133348,SLB-93322,Acropora variolosa,1159122.3,959098.8,602170.0818668712,62.785,IUCN,82.744,1533088.1,610895.381879499,52.703,AM,75.607
133349,URM-Cn-6044,Porites compressa,8089581.7,166888.7,144838.63161500054,86.788,IUCN,2.063,587095.8,158883.33092129714,27.063,IUCN,7.257
133351,URM-Cn-4967,Leptoseris mycetoseroides,14622025.6,14968851.8,11740327.59021744,80.292,AM,97.683,28102327,12031420.998546867,82.283,AM,52.031
133352,URM-Cn-4754,Acropora gomezi,2516341.2,4399547.8,2219973.765771253,88.222,AM,57.195,6705696.8,2250594.6007836685,89.439,AM,37.525
133359,URM-Cn-4783,Acropora microclados,10857516.2,10713665.2,7382795.386839359,68.91,IUCN,98.675,18492281.1,7567056.2120984495,69.694,AM,58.714
133360,URM-Cn-4979,Pavona bipartita,7434044.1,9505116.3,5119372.15060706,68.864,AM,78.211,19144483.3,5329935.078246879,71.696,AM,38.831
133365,URM-Cn-5574,Goniastrea edwardsi,6422700.8,13913697.7,5656344.8600260755,88.068,AM,46.161,25325807.9,5858269.691004729,91.212,AM,25.36
133366,URM-Cn-5851,Acanthastrea lordhowensis,12148609.1,10681216.9,8341445.233614489,78.095,IUCN,87.921,16676261.8,8468192.077297058,69.705,AM,72.85
133370,SLB-158808,Porites profundus,3978884.3,2551664.4,1376207.590028089,53.934,IUCN,64.13,5682131.6,1412899.5743923679,35.51,AM,70.025
133371,URM-Cn-5757,Fungia distorta,8056901.6,13000101.5,6942180.462617246,86.164,AM,61.976,25527186.4,7142513.949847712,88.651,AM,31.562
133372,URM-Cn-5791,Polyphyllia novaehiberniae,2894418.3,2260296.6,1408734.7133531848,62.325,IUCN,78.092,7356238.7,1502592.3218599777,51.913,AM,39.346
133375,URM-Cn-4888,Montipora corbettensis,7687268.8,7071902.6,5565926.891666592,78.705,IUCN,91.995,13685605.3,5721327.610466872,74.426,AM,56.17
133376,URM-Cn-5850,Acanthastrea ishigakiensis,12631440.5,8854512.7,7277551.39083439,82.19,IUCN,70.099,18620325.7,7500380.237634703,59.379,AM,67.837
133377,URM-Cn-5518,Diploria clivosa,1871865.2,1990523,1589953.032403115,84.94,AM,94.039,3320514.4,1613299.3645226036,86.187,AM,56.373
133379,SLB-93515,Acropora convexa,3383985.6,4171410.6,2751665.4336975687,81.314,AM,81.123,6140179.4,2767000.973111815,81.768,AM,55.112
133381,URM-Cn-4726,Acropora cervicornis,1472727.8,2024447.5,1384956.9333919035,94.04,AM,72.747,3342229.6,1399613.8237545267,95.035,AM,44.064
133386,SLB-62731,Acanthastrea rotundoflora,11423294.1,9224297.5,6917383.562279505,74.991,IUCN,80.75,15303909.1,7082791.307351795,62.003,AM,74.643
133387,SLB-93466,Acropora globiceps,7178272.2,6939834.4,4749745.054470071,68.442,IUCN,96.678,15764822.4,4925831.409047751,68.621,AM,45.533
133392,URM-Cn-5543,Favia laxa,11285903.2,12296410.2,8660696.66586809,76.739,AM,91.782,19181489.8,8826082.356618775,78.204,AM,58.837
133393,URM-Cn-4842,Acropora teres,8658104.6,6338371.5,4566882.008175581,72.051,IUCN,73.207,11530765.5,4672155.137639126,53.963,AM,75.087
133395,URM-Cn-6073,Porites porites,2959806.1,2870785.1,1844065.3582728563,64.236,IUCN,96.992,4807270.9,1861669.7718838502,62.898,AM,61.569
133396,URM-Cn-4737,Acropora desalwii,2970144,5278412.9,2656587.4993790076,89.443,AM,56.27,8403044.1,2717936.9853289686,91.509,AM,35.346
133398,URM-Cn-4994,Pavona varians,16262006.6,15744300.2,13315108.497249085,84.571,IUCN,96.816,29698165,13689972.673503345,84.184,AM,54.758
133400,URM-Cn-5815,Eusmilia fastigiata,2095556.8,2019191.9,1666550.8551728346,82.536,IUCN,96.356,3354896.9,1689897.1872923232,80.642,AM,62.463
133401,URM-Cn-4759,Acropora hoeksemai,3506476.6,4503583.1,2756116.950367194,78.601,AM,77.86,6916504.3,2792866.4439951265,79.649,AM,50.697
133402,URM-Cn-4833,Acropora squarrosa,2171481.5,1932990.7,1539872.553630384,79.663,IUCN,89.017,3962126.7,1560306.4743441092,71.854,AM,54.806
133403,URM-Cn-5476,Turbinaria stellulata,6236825.8,13522148.4,5504456.509638416,88.257,AM,46.123,23944947.8,5700549.577710498,91.401,AM,26.047
133405,SLB-62382,Caulastrea tumida,8732604.4,11093741.3,7273240.907422445,83.288,AM,78.716,17231675.5,7418636.091494962,84.953,AM,50.678
133406,URM-Cn-6137,Psammocora haimeana,12366131.2,14689523.6,10447662.151671583,84.486,AM,84.183,27561073.4,10679343.747314211,86.36,AM,44.868
133407,SLB-189370,Pocillopora eydouxi,129779875,15045270.8,14406189.526077228,95.752,IUCN,11.593,28959959,27722507.11856847,95.727,IUCN,22.315
133408,URM-Cn-6130,Coscinaraea wellsi,8052665.6,10700042.5,6050959.503626749,75.142,AM,75.258,20651429.6,6244967.982889676,77.552,AM,38.993
133409,URM-Cn-4948,Montipora verruculosus,3728935.2,5535906,3108060.7307114084,83.35,AM,67.359,8551432.9,3144898.0896357056,84.338,AM,43.606
133410,URM-Cn-4978,Pachyseris speciosa,13297048.4,13913926.6,10860352.150207017,81.675,AM,95.566,26642544.7,11128187.239892269,83.689,AM,49.909
133412,URM-Cn-5816,Gyrosmilia interrupta,2503111.2,1547106.7,1257993.765919842,81.313,IUCN,61.807,3153070.2,1278538.1798011002,51.078,AM,79.386
133414,URM-Cn-5578,Goniastrea pectinata,6185208.2,14445314.1,5519634.711823435,89.239,AM,42.818,27167556.2,5697702.20827717,92.118,AM,22.767
133415,URM-Cn-4859,Anacropora puertogalerae,8155007.9,7564767,5711734.418539627,75.504,IUCN,92.762,15287872.9,5892631.56501522,72.258,AM,53.343
133416,URM-Cn-4886,Montipora circumvallata,815971,921868.1,622243.7801162091,76.258,AM,88.513,1488997.1,628029.3624580131,76.967,AM,54.8
133417,SLB-62381,Caulastrea furcata,11768652.8,9378688.3,7627068.067484668,81.323,IUCN,79.692,19324852.1,7862303.694453541,66.807,AM,60.899
133419,URM-Cn-5871,Lobophyllia hemprichii,12935541.9,14112424.4,10513214.252517236,81.274,AM,91.661,26665477.8,10771915.22676625,83.274,AM,48.51
133420,URM-Cn-4906,Montipora grisea,11498560.9,11423801.2,8244898.977698673,72.173,IUCN,99.35,21469907.4,8459104.493438857,73.567,AM,53.557
133422,URM-Cn-4884,Montipora capricornis,11910168.1,9014619.1,6707896.64691314,74.411,IUCN,75.688,15959945.2,6891703.087361905,57.864,AM,74.625
133423,URM-Cn-5764,Fungia horrida,5225195.9,13054241.3,4499659.370040848,86.115,AM,40.027,24915147.6,4672278.24505258,89.418,AM,20.972
133428,URM-Cn-6122,Coscinaraea columna,14492324,14773208.9,11806375.595075224,81.466,AM,98.099,27608274.8,12080170.306995243,83.356,AM,52.493
133429,URM-Cn-5526,Echinopora horrida,5908504.9,9638104.6,4741507.956085107,80.249,AM,61.304,16525016.5,4896274.573932451,82.868,AM,35.755
133432,URM-Cn-4832,Acropora spicifera,9737908.2,8623895.6,6558087.382428764,76.046,IUCN,88.56,15886456.3,6749593.467241458,69.313,AM,61.297
133433,URM-Cn-4889,Montipora crassituberculata,9346950.2,10413261,7469993.707423311,79.919,AM,89.76,17786489,7637137.767170924,81.707,AM,52.551
133435,URM-Cn-5988,Seriatopora dendritica,4306999.2,5369277.4,3313527.0866233003,76.934,AM,80.216,8898427.8,3359564.547270323,78.002,AM,48.402
133437,URM-Cn-5765,Fungia moluccensis,6737668.6,10151209.9,4689921.955811847,69.607,AM,66.373,18954801.1,4853154.69845652,72.03,AM,35.546
133439,SLB-61834,Agaricia tenuifolia,2285969.3,1028635.6,881142.6662307518,85.661,IUCN,44.998,1770639.9,1318026.4931203367,74.438,IUCN,77.457
133440,URM-Cn-5614,Platygyra pini,6250828.4,13536906,5752853.77906557,92.033,AM,46.176,25200263.3,5954778.610044224,95.264,AM,24.805
133442,URM-Cn-5948,Oxypora lacera,6595164.5,13900883.8,5574488.006579878,84.524,AM,47.444,24872735.5,5758416.716247428,87.313,AM,26.516
133443,URM-Cn-4879,Montipora australiensis,11768082.1,9275449.9,7045876.326289319,75.963,IUCN,78.819,17126319,7198926.454002058,61.173,AM,68.713
133444,URM-Cn-5920,Oculina valenciennesi,1493880.9,424350.9,228491.38196830603,53.845,IUCN,28.406,820894.5,228491.38196830603,27.834,IUCN,54.95
133450,URM-Cn-4943,Montipora turtlensis,8316206.5,8838302,6131686.524869356,73.732,AM,94.093,12600718,6219237.954260125,74.785,AM,65.998
133451,URM-Cn-4891,Montipora danae,13746971.7,13530300.5,10785810.83811581,79.716,IUCN,98.424,25659496.1,11062646.428162806,80.473,AM,53.575
133457,URM-Cn-5877,Mussa angulosa,1639219.6,1990175.6,1420987.4358172785,86.687,AM,82.366,3292465.9,1435644.3261799014,87.581,AM,49.787
133458,URM-Cn-5823,Hydnophora microconos,10115708.3,14726821.6,8621526.217445992,85.229,AM,68.689,27303996.6,8874467.033206547,87.73,AM,37.048
133460,SLB-93100,Montipora cocosensis,10243661.7,5202042.2,4006887.723132402,77.025,IUCN,50.783,8192260.2,4081943.834304838,49.827,IUCN,79.974
133468,URM-Cn-5612,Platygyra daedalea,13096659.1,15751307.1,11410459.388955073,87.125,AM,83.146,28674514.3,11660561.093998762,89.035,AM,45.674
133470,SLB-158790,Micromussa amakusensis,10851304.7,8532607.3,6491411.442655386,76.078,IUCN,78.632,16058692.1,6651646.732929717,61.298,AM,67.573
133474,URM-Cn-5891,Symphyllia agaricia,13214286,13419311.2,10750639.629701102,81.356,AM,98.472,23330502.4,10988402.467407886,83.155,AM,56.64
133476,SLB-61883,Madracis asperula,2687153.2,900002.2,307455.1470594047,34.162,IUCN,33.493,1632136.8,316232.6020803804,19.375,IUCN,60.739
133478,URM-Cn-5821,Hydnophora exesa,9876921.6,15179095.6,8918693.68465464,90.298,AM,65.069,26812296.7,9141778.89268646,92.557,AM,36.837
133479,URM-Cn-4762,Acropora hyacinthus,12106214.7,13972957,9741559.677804397,80.467,AM,86.64,26331298.7,9982728.429632097,82.46,AM,45.977
133481,URM-Cn-4727,Acropora chesterfieldensis,2923997.4,3038784.4,2177918.989455713,74.484,AM,96.223,8608892.7,2296137.908856536,78.527,AM,33.965
133483,URM-Cn-4787,Acropora mirabilis,10044446.6,7437303.2,5628594.454188468,75.681,IUCN,74.044,12267307.6,5752909.719525338,57.275,AM,81.88
133484,SLB-158735,Anomastraea irregularis,2299966.4,2384692.6,1804941.427715463,78.477,AM,96.447,4463658.4,1813942.7356302412,78.868,AM,51.526
133485,SLB-93759,Astreopora randalli,8633536.5,7248541.6,5564703.6395756835,76.77,IUCN,83.958,16259617.6,5752652.349393684,66.631,AM,53.098
133488,SLB-62813,Pectinia africanus,952105.1,1141511.3,836742.7940206717,87.883,AM,83.407,2718347.2,848796.9304108245,89.149,AM,35.025
133489,URM-Cn-4892,Montipora delicatula,3337233,4852646.8,2780915.862596845,83.33,AM,68.771,7307221.3,2799328.4089412126,83.882,AM,45.67
133492,URM-Cn-6075,Porites rus,16337735.7,13700282.2,11984672.053635612,87.478,IUCN,83.857,25228946.7,12335338.543292642,75.502,AM,64.758
133493,SLB-62496,Platygyra ryukyuensis,6715320.1,11567898.4,5411871.019377959,80.59,AM,58.051,20936581.4,5604763.328775798,83.462,AM,32.075
133494,SLB-93535,Acropora papillare,3871367.4,6480350.8,3347123.101976281,86.458,AM,59.74,9098957.8,3362458.6413905267,86.855,AM,42.547
133495,SLB-117483,Galaxea horrescens,8470952.2,9436391.2,6876688.512917169,81.18,AM,89.769,17408641.8,7091203.966782364,83.712,AM,48.659
133497,SLB-62380,Caulastrea echinulata,8256264.9,7347447.7,5645427.900841489,76.835,IUCN,88.992,11673920.5,5772859.780430095,69.921,AM,70.724
133498,URM-Cn-5473,Turbinaria peltata,9603620.7,13854932.4,8250748.317950411,85.913,AM,69.316,24536072.1,8468030.32906376,88.175,AM,39.141
133500,URM-Cn-4771,Acropora kosurini,2645086.6,2442948.8,1193450.6163956814,48.853,IUCN,92.358,3651727.4,1199529.8214227837,45.349,AM,72.434
133502,URM-Cn-6142,Psammocora superficialis,14883064.8,15198410.3,11803828.11927713,79.31,AM,97.925,29050150.9,12076627.139004007,81.143,AM,51.232
133504,URM-Cn-6055,Porites furcata,2093122.7,2116473.7,1572664.6776498975,75.135,AM,98.897,3467651.3,1587321.5680125207,75.835,AM,60.361
133509,URM-Cn-5789,Podabacia motuporensis,4815578.7,9432568.5,4199716.971538684,87.211,AM,51.053,17382053.7,4367145.315590075,90.688,AM,27.704
133511,URM-Cn-5916,Oculina patagonica,1369547.6,1610130.2,1323482.345928832,96.636,AM,85.058,2503985.8,1340744.5841053706,97.897,AM,54.695
133513,URM-Cn-4712,Acropora anthocercis,11366419.6,11851458.6,8183871.686797034,72,AM,95.907,19926438.8,8370384.815089187,73.641,AM,57.042
133516,URM-Cn-5556,Favia truncatus,10441379.8,10696879.5,8063057.019623524,77.222,AM,97.611,17299186.8,8226427.96433407,78.787,AM,60.358
133521,URM-Cn-5006,Stephanocoenia intersepta,5557789.2,2129797,1841112.8110712452,86.445,IUCN,38.321,3527875.8,1867196.807872088,52.927,IUCN,63.476
133522,URM-Cn-4959,Helioseris cucullata,2339933.5,2110915.3,1645673.737844073,77.96,IUCN,90.213,3462092.9,1663068.29288805,71.073,AM,67.587
133525,URM-Cn-4920,Montipora monasteriata,14549078.2,14364926.3,12054124.409249943,83.914,IUCN,98.734,25564172,12315752.642222812,84.65,AM,56.912
133527,URM-Cn-5879,Mussismilia harttii,260656,534316.7,236640.98261091867,90.787,AM,48.783,688544.6,236640.98261091867,90.787,AM,37.856
133528,URM-Cn-5859,Blastomussa merleti,12635962.8,12368940.5,10078596.468618637,81.483,IUCN,97.887,19388122,10270590.705676455,81.281,AM,65.174
133530,SLB-117551,Stylophora subseriata,12578054.3,8687371.5,7192643.429195478,82.794,IUCN,69.068,16789909.1,7362399.240032858,58.534,AM,74.914
133532,URM-Cn-4851,Acropora verweyi,12636811,12298269.5,9927162.977577759,80.72,IUCN,97.321,22201465,10159540.039914109,80.396,AM,56.919
133534,URM-Cn-5986,Pocillopora zelli,2159967.3,1853894,1237650.7955588053,66.76,IUCN,85.83,5481286.9,1335674.1414144442,61.838,AM,39.406
133535,URM-Cn-4950,Agaricia agaricites,3665614.7,2646209.9,2102369.732893234,79.448,IUCN,72.19,4151615.3,2915161.909216678,79.527,AM,88.294
133538,SLB-62658,Herpolitha limax,6286432.4,14023555.6,5284225.593851695,84.058,AM,44.828,26502038.4,5512883.335648092,87.695,AM,23.721
133543,SLB-158796,Porites brighami,152986,166888.7,105338.95390168048,68.855,AM,91.67,587095.8,105338.95390168048,68.855,AM,26.058
133545,SLB-62704,Paraclavarina triangularis,5179362.3,6805879.6,3587189.3303565257,69.259,AM,76.101,13368834.3,3733587.4308174723,72.086,AM,38.742
133547,URM-Cn-4855,Acropora yongei,10790659.6,11231818.5,7833643.637802539,72.597,AM,96.072,19677208.6,8024082.652111641,74.361,AM,54.838
133548,URM-Cn-5007,Stylocoeniella armata,14020944.6,12505346.3,10281939.177742647,82.22,IUCN,89.19,22698673.7,10561485.44920451,75.326,AM,61.77
133551,URM-Cn-5865,Lobophyllia corymbosa,13052558.8,13887116.9,10613393.073491942,81.313,AM,93.99,25942969.7,10881074.48006463,83.364,AM,50.313
133556,URM-Cn-4935,Montipora spumosa,12713929.3,13492621.8,10088300.534776246,79.348,AM,94.229,25448232.8,10338127.588046534,81.313,AM,49.96
133557,SLB-158238,Acanthastrea brevis,9611389.3,7932334.2,5934302.044495838,74.812,IUCN,82.531,14313208,6070702.299319691,63.162,AM,67.15
133560,URM-Cn-5577,Goniastrea palauensis,11841030,12146464.2,9432519.688656142,79.66,AM,97.485,22371381.3,9641625.413176678,81.426,AM,52.929
133563,URM-Cn-4927,Montipora peltiformis,13404608.1,12298742.4,10384830.985441066,84.438,IUCN,91.75,21870535.7,10632750.457215762,79.322,AM,61.291
133564,URM-Cn-5863,Isophyllastrea rigida,1220564.9,1994186.6,1045038.1739642874,85.619,AM,61.206,3327084.3,1050868.1057368922,86.097,AM,36.686
133566,URM-Cn-5886,Scolymia australis,5910677.2,7041849.8,3339594.4694845574,56.501,AM,83.936,11288944.1,3445761.8209564886,58.297,AM,52.358
133569,URM-Cn-5538,Favia favus,15081507.3,15565802.2,13033326.105690002,86.419,AM,96.889,28461691.4,13336585.208906464,88.43,AM,52.989
133570,URM-Cn-6140,Psammocora profundacella,14380207.9,14797462.3,11588902.484463314,80.589,AM,97.18,27393335.2,11862615.619166723,82.493,AM,52.495
133571,URM-Cn-5609,Platygyra carnosus,3813101.5,6321045.7,2831178.4112619194,74.249,AM,60.324,10310004.5,2885603.019341575,75.676,AM,36.984
133574,SLB-158797,Porites pukoensis,5877327.5,17244.5,11486.769352591678,66.611,IUCN,0.293,28740,11486.769352591678,39.968,IUCN,0.489
133575,SLB-61985,Cladocora arbuscula,2675740.9,2261897.3,1859573.9001372077,82.213,IUCN,84.533,3596682.1,1882920.2322566963,70.37,AM,74.395
133581,URM-Cn-4985,Pavona diffluens,1321229.8,1619015,1219383.3200727093,92.292,AM,81.607,2630322,1228057.1266096542,92.948,AM,50.231
133582,SLB-62826,Oxypora crassispinosa,1891394.3,7487924.8,1709012.4323807317,90.357,AM,25.259,12551617.5,1751975.0005188435,92.629,AM,15.069
133584,SLB-158799,Porites divaricata,1666799.3,2012224.5,1152276.0071927216,69.131,AM,82.834,3306939.8,1158163.248111916,69.484,AM,50.403
133587,URM-Cn-5794,Sandalolitha dentata,5743950.1,9044038,4375572.705632819,76.177,AM,63.511,19021026.8,4570290.647795381,79.567,AM,30.198
133589,URM-Cn-6136,Psammocora explanulata,11368502.2,11593202,8172236.106423577,71.885,AM,98.062,22388109.7,8407860.069917457,73.958,AM,50.779
133590,URM-Cn-6147,Siderastrea savignyana,10971471.1,8011118.6,5976560.595717068,74.603,IUCN,73.018,15178244,6067314.324769239,55.301,AM,72.284
133591,URM-Cn-5864,Isophyllia sinuosa,1220564.9,1991121.6,1047811.6155948819,85.846,AM,61.3,3321113.1,1053641.5473674869,86.324,AM,36.752
133592,URM-Cn-4747,Acropora exquisita,7398198.7,9477359.7,6156959.363640549,83.222,AM,78.062,16412909.8,6342076.176262545,85.725,AM,45.075
133595,W-Hyd-210730,Millepora platyphylla,12507879.7,14293448.3,9193476.727795737,73.501,AM,87.508,27126890.9,9402224.848065434,75.17,AM,46.109
133597,URM-Cn-5746,Cantharellus doederleini,1929694.9,874499.8,559486.0110149619,63.978,IUCN,45.318,1316408.5,576676.1474385852,43.807,IUCN,68.218
133599,URM-Cn-4944,Montipora undata,11763470.1,12271102.6,9163102.230195604,77.895,AM,95.863,21734569.6,9368462.359553164,79.64,AM,54.123
133604,URM-Cn-4713,Acropora arabensis,2179691.5,548496.8,388292.06775530434,70.792,IUCN,25.164,683424.5,388292.06775530434,56.816,IUCN,31.354
133606,URM-Cn-5895,Symphyllia recta,12407498.3,13134740.8,10442577.480390921,84.163,AM,94.463,23665248.7,10669063.075550204,85.989,AM,52.429
133607,URM-Cn-6020,Goniopora minor,1920980.3,13712873.5,1859654.9268989747,96.808,AM,14.009,25939757.7,1914870.2696202463,99.682,AM,7.406
133611,URM-Cn-5972,Madracis senaria,1178075.4,1804521.8,1024219.7013218427,86.94,AM,65.285,3067778.8,1033046.6599118608,87.689,AM,38.402
133613,URM-Cn-6077,Porites solida,17259171,14618032.9,13048533.301274845,89.263,IUCN,84.697,27451990.3,13434886.593910005,77.842,AM,62.87
133614,SLB-62852,Seriatopora guttatus,9929483.2,7197380.3,5634435.750745589,78.285,IUCN,72.485,12065677.8,5762549.332564682,58.035,AM,82.295
133619,URM-Cn-5868,Lobophyllia diminuta,9224287.9,7243263.4,4908095.148739917,67.761,IUCN,78.524,13039349.8,5042204.961121011,54.662,AM,70.742
133621,URM-Cn-4849,Acropora valenciennesi,11754977.1,13852441.6,10117602.257372942,86.071,AM,84.859,24537007.7,10340416.68917756,87.966,AM,47.907
133622,URM-Cn-4883,Montipora capitata,11513320.7,6833784.2,5924644.722851265,86.696,IUCN,59.355,14454266.2,6177040.251795527,53.651,AM,79.653
133631,URM-Cn-5534,Erythrastrea flabellata,1038768,601665.7,438518.72452070535,72.884,IUCN,57.921,738164.9,447192.5310576503,60.582,IUCN,71.062
133633,URM-Cn-5471,Turbinaria mesenterina,10098760.1,15539205.9,9164879.606173504,90.753,AM,64.989,28235179.9,9387964.814205324,92.962,AM,35.767
133634,URM-Cn-5580,Goniastrea retiformis,7835919.5,14149149.2,6877122.853079198,87.764,AM,55.381,25557997,7067139.744082543,90.189,AM,30.659
133636,URM-Cn-4964,Leptoseris gardineri,10990461.6,8955304.2,7528051.497417711,84.062,IUCN,81.483,17725636.8,7800043.275832844,70.971,AM,62.003
133637,URM-Cn-5980,Pocillopora indiania,926648.4,902941,695900.4934667498,77.07,IUCN,97.442,2247633.8,707954.6298569025,76.399,AM,41.228
133638,URM-Cn-5546,Favia maritima,5915638,10521516.4,4913455.612612107,83.059,AM,56.224,19897071.2,5109548.680684189,86.374,AM,29.731
133639,URM-Cn-4806,Acropora pichoni,8485938.4,5708155.3,4520318.482117895,79.191,IUCN,67.266,9568008.4,4632769.248220749,54.593,AM,88.691
133642,URM-Cn-5848,Acanthastrea hemprichii,10963518.4,10172057,7529498.526357392,74.021,IUCN,92.781,16340548,7646664.8583074715,69.746,AM,67.094
133645,SLB-184819,Porites somaliensis,8847786.2,601154.9,507554.5143006769,84.43,IUCN,6.794,1495018,516629.30852395046,34.557,IUCN,16.897
133646,URM-Cn-4947,Montipora verrucosa,19189071.3,14476160.6,13857738.241711957,95.728,IUCN,75.44,27670054.3,15176399.502680428,79.089,AM,69.35
133647,URM-Cn-4809,Acropora polystoma,9515981.6,11564999.7,7351875.053613166,77.258,AM,82.283,20518851.2,7530725.944927763,79.138,AM,46.377
133648,URM-Cn-5514,Cyphastrea microphthalma,9626080.1,15034125.4,8580257.87073172,89.136,AM,64.028,28017443.8,8791108.317823965,91.326,AM,34.357
133649,SLB-93391,Acropora abrotanoides,14571960.4,13564935,11434631.863844285,84.296,IUCN,93.089,25901857.7,11729089.761100011,80.491,AM,56.258
133651,URM-Cn-5613,Platygyra lamellina,5481043.2,14191429.3,4813460.333650847,87.82,AM,38.622,24930363.6,4976517.344033962,90.795,AM,21.985
133653,URM-Cn-4732,Isopora cylindrica,4231191,1339698.2,683975.8259931128,51.054,IUCN,31.662,2819288.8,723912.2354669885,25.677,IUCN,66.631
133654,URM-Cn-5561,Favites chinensis,7205978.2,13203169.7,6194070.030923559,85.957,AM,54.578,23021421.7,6390281.372445786,88.68,AM,31.301
133658,SLB-93454,Acropora bifurcata,8479241,6800317.5,4928817.583992886,72.479,IUCN,80.2,11493920.3,5023280.712148591,59.242,AM,73.772
133659,URM-Cn-5991,Stylophora kuehlmanni,833725.5,835443.1,608939.8074384495,73.038,AM,99.794,1306199.7,617613.6139753944,74.079,AM,63.828
133660,SLB-184810,Isopora cuneata,10646700.1,10540561.3,7755274.221087791,73.576,IUCN,99.003,20417657,7954488.152814212,74.713,AM,52.145
133662,URM-Cn-5905,Galaxea fascicularis,9580460.1,14721180.9,8283468.315910501,86.462,AM,65.079,27208084,8532944.462982202,89.066,AM,35.212
133665,URM-Cn-5581,Goniastrea thecata,286202.2,695483.6,268997.0149785528,93.988,AM,41.152,1026952.9,277670.82151549775,97.019,AM,27.869
133666,URM-Cn-4785,Acropora millepora,8398109.3,12325545.9,7390820.533314002,88.006,AM,68.136,21530253.5,7571940.8582431115,90.162,AM,39.006
133668,URM-Cn-6030,Goniopora stokesi,5013228.4,13755223.1,4486101.342169705,89.485,AM,36.446,23710596.7,4619057.912770183,92.137,AM,21.143
133672,SLB-158629,Acropora efflorescens,4574516.8,6611227.2,2536670.541361616,55.452,AM,69.193,11279554.4,2615883.7433277327,57.184,AM,40.556
133673,URM-Cn-5766,Fungia paumotensis,10685983.4,12869999.1,9141447.951412255,85.546,AM,83.03,23763664.8,9382351.697462387,87.801,AM,44.968
133674,URM-Cn-4919,Montipora mollis,14260712.7,13716951.9,11180308.95352839,81.507,IUCN,96.187,23564630.3,11421107.64340532,80.088,AM,60.517
133676,URM-Cn-6143,Psammocora vaughani,3467875.1,1430785,733790.8041340901,51.286,IUCN,41.258,5181505.1,785169.0906891117,22.641,AM,66.928
133679,URM-Cn-5428,Heteropsammia cochlea,10826368.9,13586621.8,9029648.356401877,83.404,AM,79.684,22983980.6,9249736.725247644,85.437,AM,47.104
133680,URM-Cn-6038,Porites astreoides,3486224.3,3567070.5,1671963.8693202625,47.959,AM,97.734,5682820,1683657.638167357,48.295,AM,61.347
133682,SLB-93593,Acropora subulata,9943811.7,12005544.2,7757603.731164673,78.014,AM,82.827,20768843.3,7944945.030801074,79.898,AM,47.879
133685,URM-Cn-5995,Stylophora pistillata,13954228.3,14296446.7,11311102.902421732,81.059,AM,97.606,26714431.2,11584431.339451563,83.017,AM,52.235
133686,URM-Cn-4961,Leptoseris cailleti,1271905.8,1997175.4,1189632.0599164106,93.531,AM,63.685,3280265.6,1212978.3920358992,95.367,AM,38.774
133690,URM-Cn-5513,Cyphastrea japonica,1678089.5,6550280.3,1601741.9788706335,95.45,AM,25.619,10187830.5,1638499.6144330904,97.641,AM,16.472
133693,URM-Cn-5795,Sandalolitha robusta,7309842.9,9505922.8,5841071.145894441,79.907,AM,76.898,15251688.5,6000745.288208799,82.091,AM,47.928
133697,URM-Cn-5475,Turbinaria reniformis,6201364.1,14446844.9,5372517.547600884,86.634,AM,42.925,26653036.7,5574442.378579537,89.891,AM,23.267
133702,URM-Cn-4987,Pavona duerdeni,13998903.6,15504733.7,11177748.910247246,79.847,AM,90.288,29290834.1,11460597.12986882,81.868,AM,47.793
