precip,tmax,tmin,tmean,trange,vpd,date
0,14.5,9.6,NA,4.9,905.84,2017-01-02
0,14.53,7.12,10.825,7.409999999999999,566.78,2017-01-03
0,16.03,4.61,NA,11.420000000000002,311.02,2017-01-04
0,18.85,5.37,12.11,13.48,320.38,2017-01-05
0,20.57,6.23,13.4,14.34,341.37,2017-01-06
0,18.6,8.18,13.39,10.420000000000002,399.79,2017-01-07
0,19,3.94,11.47,15.06,287.84,2017-01-08
0,23.49,6.5,14.995,16.99,348.21,2017-01-09
0,20.06,8.97,14.515,11.089999999999998,416.85,2017-01-10
0,20.78,7.25,14.015,13.53,368.01,2017-01-11
0,19.42,7.17,13.295000000000002,12.250000000000002,365.71,2017-01-12
0,20.4,4.99,12.695,15.409999999999998,311.43,2017-01-13
0,18.9,8.47,13.685,10.429999999999998,401.99,2017-01-14
0,18.54,9.83,14.185,8.709999999999999,506.11,2017-01-15
0.26,16.72,10.1,13.41,6.619999999999999,688.71,2017-01-16
0,16.48,7.61,12.045,8.870000000000001,437.17,2017-01-17
0,16.96,4.05,NA,12.91,290.14,2017-01-18
0,18.15,4.29,11.22,13.86,295.49,2017-01-19
1.21,16.12,5.7,10.91,10.420000000000002,328.33,2017-01-20
10.14,13.82,7.69,10.755,6.13,786.38,2017-01-21
0,14.98,8.38,11.68,6.6,603.13,2017-01-22
0,16.84,4.53,10.685,12.31,300.86,2017-01-23
5.22,17.66,7.78,12.72,9.88,521.69,2017-01-24
0,13.87,4.38,9.125,9.489999999999998,367.26,2017-01-25
0,13.77,0.83,7.3,12.94,227.19,2017-01-26
0,13.77,0.21,6.99,13.56,216.55,2017-01-27
0,14.05,0.37,7.21,13.68,219.24,2017-01-28
0,16.76,0.51,8.635000000000002,16.25,221.55,2017-01-29
0,21.92,1.75,11.835,20.17,243.73,2017-01-30
0,23.45,4.31,13.88,19.14,296.06,2017-01-31
0,22.95,3.7,13.325,19.25,282.75,2017-02-01
0,23.53,4.51,14.02,19.020000000000003,300.35,2017-02-02
0,23.1,4.91,NA,18.19,309.42,2017-02-03
0,22.32,5.71,14.015,16.61,328.5,2017-02-04
0,23.53,5.39,14.46,18.14,320.79,2017-02-05
0,23.89,5.87,14.88,18.02,332.36,2017-02-06
0,20.66,8.27,14.465,12.39,396.25,2017-02-07
0,22.85,7.8,15.325,15.05,382.92,2017-02-08
0,24.71,8.35,16.53,16.36,398.76,2017-02-09
0,27.11,9.66,18.385,17.45,438.19,2017-02-10
0,29.53,10.3,19.915,19.23,458.55,2017-02-11
0,27.38,11.97,19.675,15.409999999999998,516.34,2017-02-12
0,23.49,13.53,18.51,9.96,576.08,2017-02-13
0,22.92,13.4,18.16,9.52,570.68,2017-02-14
0,23.17,11.75,NA,11.420000000000002,508.23,2017-02-15
0,23.7,11.51,17.605,12.19,499.98,2017-02-16
0,24.29,7.08,15.685,17.21,363.49,2017-02-17
0,24.18,8.74,16.46,15.44,409.94,2017-02-18
14.03,21.03,10.77,15.9,10.260000000000002,575.75,2017-02-19
0.03,18.46,9.3,13.88,9.16,735.32,2017-02-20
0,20.5,8.78,14.64,11.72,570.9,2017-02-21
0,23.78,7.7,15.74,16.080000000000002,386.26,2017-02-22
0,26.54,9.48,18.009999999999998,17.06,432.4,2017-02-23
0,20,7.27,13.635,12.73,480.56,2017-02-24
0,17.43,2.21,9.82,15.22,305.98,2017-02-25
0,19.36,1.48,10.42,17.88,246.65,2017-02-26
0,20.5,6.87,NA,13.63,426.22,2017-02-27
1.91,20.3,6.77,13.535,13.53,420.54,2017-02-28
0.21,19.4,9.38,14.39,10.019999999999998,674.66,2017-03-01
0,21.15,4.39,NA,16.759999999999998,305.72,2017-03-02
0,25.81,5.13,NA,20.68,314.76,2017-03-03
0,25.54,8.11,16.825,17.43,391.9,2017-03-04
0,27.44,8.67,18.055,18.770000000000003,408.03,2017-03-05
0,25.15,11.39,NA,13.759999999999998,507.77,2017-03-06
0,21.23,6.57,NA,14.66,364.29,2017-03-07
0,24.05,4.04,14.045,20.01,290.1,2017-03-08
0,28.66,6.84,NA,21.82,357.05,2017-03-09
0,30.98,8.84,19.91,22.14,413.14,2017-03-10
0,32.16,9.83,20.994999999999997,22.33,443.55,2017-03-11
0,31.84,11.51,21.675,20.33,499.99,2017-03-12
0,32.08,11.83,21.955,20.25,511.33,2017-03-13
0,33.23,12.02,22.625,21.209999999999997,517.99,2017-03-14
0,34.23,12.81,23.52,21.419999999999995,547.53,2017-03-15
0,33.58,12.77,NA,20.81,546.25,2017-03-16
0,33.87,13.65,NA,20.22,580.65,2017-03-17
0,34.21,13.63,23.92,20.58,580,2017-03-18
0,35.67,15.94,25.805,19.730000000000004,679.83,2017-03-19
0,35.48,13.99,NA,21.489999999999995,594.39,2017-03-20
0,35.44,15.21,25.325,20.229999999999997,646.95,2017-03-21
0,33.5,14.73,24.115,18.77,625.8,2017-03-22
5.02,28.84,13.62,21.23,15.22,602.96,2017-03-23
0,23.9,10.91,17.405,12.989999999999998,509.62,2017-03-24
0,26.05,8.93,17.490000000000002,17.12,415.85,2017-03-25
0,27.95,9.69,NA,18.26,439.15,2017-03-26
0,28.33,10.27,19.299999999999997,18.06,457.78,2017-03-27
0,27.84,10.85,19.345,16.990000000000002,476.96,2017-03-28
0,26.49,11.18,18.835,15.31,488.27,2017-03-29
0,29.62,10.01,NA,19.61,449.27,2017-03-30
0,30.03,10.92,20.475,19.11,479.25,2017-03-31
0,25.2,11.54,18.369999999999997,13.66,501.03,2017-04-01
0,24.15,7.61,15.88,16.54,377.64,2017-04-02
0,28.58,8.29,18.435,20.29,396.88,2017-04-03
0,28.58,10.99,19.785,17.589999999999996,481.71,2017-04-04
0,29.1,10.28,NA,18.82,458.07,2017-04-05
0,28.97,9.82,19.395,19.15,443.2,2017-04-06
0,31.67,11.3,21.485,20.37,492.64,2017-04-07
0,32.63,12.51,22.57,20.120000000000005,536.4,2017-04-08
0,31.07,13.15,22.11,17.92,561.03,2017-04-09
0,28.37,11.83,20.1,16.54,511.3,2017-04-10
0,30.02,9,19.51,21.02,417.85,2017-04-11
0,32.44,9.76,NA,22.68,441.26,2017-04-12
0,32.73,11.77,22.25,20.959999999999997,509.1,2017-04-13
0,34.47,13.71,NA,20.76,583.31,2017-04-14
0,32.94,12.8,NA,20.139999999999997,547.17,2017-04-15
0,32.06,12.07,22.065,19.99,519.92,2017-04-16
0,33.38,12.33,22.855,21.050000000000004,529.64,2017-04-17
0,33.86,13.02,23.44,20.84,555.84,2017-04-18
0,35.25,14.51,24.88,20.74,616.23,2017-04-19
0,33.79,16.46,25.125,17.33,704.23,2017-04-20
0,33.94,13.32,23.63,20.619999999999997,567.7,2017-04-21
0,34.44,13.39,23.915,21.049999999999997,570.22,2017-04-22
0,35.33,14.02,24.674999999999997,21.31,595.88,2017-04-23
0,37.91,15.21,26.56,22.699999999999996,646.65,2017-04-24
0,35.93,16.13,NA,19.8,689.01,2017-04-25
0,30.91,18.76,24.835,12.15,822.61,2017-04-26
0,32.37,14.49,23.43,17.879999999999995,615.68,2017-04-27
0,33.41,16.89,25.15,16.519999999999996,725.18,2017-04-28
0,30.44,18.52,24.48,11.920000000000002,809.59,2017-04-29
0,27.4,11.38,19.39,16.019999999999996,495.13,2017-04-30
0,30.59,11.79,NA,18.8,509.75,2017-05-01
0,33.28,13.09,23.185,20.19,558.48,2017-05-02
0,36.04,15.11,25.575,20.93,642.28,2017-05-03
0,37.63,17.68,NA,19.950000000000003,764.87,2017-05-04
0,39.68,19.42,NA,20.26,859.49,2017-05-05
0,42.29,20.14,31.215,22.15,901.09,2017-05-06
0,38,20.97,29.485,17.03,951.89,2017-05-07
0,26.83,15.9,NA,10.929999999999998,677.87,2017-05-08
1.68,27.49,13.7,20.595,13.79,582.58,2017-05-09
0,24.85,11.71,18.28,13.14,506.86,2017-05-10
0,26.38,12.56,19.47,13.82,538.16,2017-05-11
0,32.26,14.08,23.17,18.18,598.46,2017-05-12
0,37.12,17.88,27.5,19.24,775.44,2017-05-13
0,37.01,18.78,27.895,18.229999999999997,823.61,2017-05-14
0,34.69,17.97,26.33,16.72,780.08,2017-05-15
0,31.06,16.04,NA,15.02,684.72,2017-05-16
0,26.79,13.44,20.115,13.35,572.26,2017-05-17
0,30.7,13.27,NA,17.43,565.63,2017-05-18
0,30.44,16.52,23.48,13.920000000000002,707.48,2017-05-19
0,30.26,14,22.130000000000003,16.26,595.14,2017-05-20
0,34.65,14.95,24.799999999999997,19.7,635.53,2017-05-21
0,38.1,16.85,27.475,21.25,723.07,2017-05-22
0,39.79,18.62,NA,21.17,814.83,2017-05-23
0,40.33,20.41,30.369999999999997,19.92,917.77,2017-05-24
0,42.2,20.3,31.25,21.9,910.83,2017-05-25
0,38.67,24.61,31.64,14.060000000000002,1204.85,2017-05-26
0,35.73,19.93,27.83,15.799999999999995,888.76,2017-05-27
0,35.77,16.65,26.21,19.120000000000005,713.48,2017-05-28
0,38.61,18.6,28.605,20.01,813.54,2017-05-29
0,39.76,18.72,29.24,21.04,820.26,2017-05-30
0,38.89,20.55,29.72,18.34,926.16,2017-05-31
0,38.53,21.18,29.855,17.35,965.12,2017-06-01
0,37.74,21.2,29.47,16.540000000000003,966.56,2017-06-02
0,39.19,19.44,NA,19.749999999999996,860.37,2017-06-03
0,41.54,23.12,32.33,18.42,1094.77,2017-06-04
0,41.64,24.05,32.845,17.59,1162.13,2017-06-05
0,41.71,24.48,33.095,17.23,1195.02,2017-06-06
0,41.07,24.23,32.65,16.84,1175.54,2017-06-07
0,41.59,23.27,32.43,18.320000000000004,1105.66,2017-06-08
0,41.44,21.2,31.32,20.24,966.6,2017-06-09
0,41.5,21.64,NA,19.86,994.76,2017-06-10
0,39.96,22.6,31.28,17.36,1058.57,2017-06-11
0,38.8,20.85,29.825,17.949999999999996,944.52,2017-06-12
0,35.9,19.39,NA,16.509999999999998,857.91,2017-06-13
0,35.43,16.12,25.775,19.31,688.18,2017-06-14
0,39.62,16.23,27.924999999999997,23.389999999999997,693.28,2017-06-15
0,42.2,17.96,30.08,24.24,779.72,2017-06-16
0,42.96,20.18,NA,22.78,903.46,2017-06-17
0,43.05,21.37,32.21,21.679999999999996,977.15,2017-06-18
0,44.08,22.7,33.39,21.38,1065.35,2017-06-19
0,46.61,24.91,35.76,21.7,1228.25,2017-06-20
0,48.29,26.92,37.605,21.369999999999997,1394.02,2017-06-21
0,47.22,28.09,NA,19.13,1499.83,2017-06-22
0,45.39,28.76,37.075,16.63,1562.83,2017-06-23
0,44.63,27.45,36.04,17.180000000000003,1440.88,2017-06-24
0,46.53,27.51,37.02,19.02,1446.1,2017-06-25
0,46.4,30.23,38.315,16.169999999999998,1711.55,2017-06-26
0,44.15,29.4,36.775,14.75,1626.55,2017-06-27
0,43.91,27.06,NA,16.849999999999998,1406.38,2017-06-28
0,42.11,25.35,33.730000000000004,16.759999999999998,1262.38,2017-06-29
0,41.97,23.38,32.675,18.59,1113.09,2017-06-30
0,42.01,22.97,32.489999999999995,19.04,1084.26,2017-07-01
0,43.3,22.63,NA,20.67,1060.48,2017-07-02
0,42.04,24.64,33.34,17.4,1207.04,2017-07-03
0,40.68,26.75,33.715,13.93,1379.56,2017-07-04
0,43.57,27.68,35.625,15.89,1461.95,2017-07-05
0,43.84,28.28,36.06,15.560000000000002,1517.52,2017-07-06
0,44.65,29.6,37.125,15.049999999999995,1646.74,2017-07-07
0,46.65,29.01,37.83,17.639999999999997,1587.21,2017-07-08
0,44.98,31.19,38.085,13.789999999999996,1814.53,2017-07-09
0,42.52,27.89,35.205,14.630000000000004,1480.92,2017-07-10
0,42,28.52,35.26,13.48,1539.87,2017-07-11
0,40.84,26.49,NA,14.350000000000003,1356.95,2017-07-12
0,41.82,27.78,34.8,14.04,1471.52,2017-07-13
0,42.31,28.21,35.260000000000005,14.1,1510.58,2017-07-14
0,42.12,28.19,35.155,13.929999999999996,1509.26,2017-07-15
0,41.77,27.49,34.63,14.280000000000005,1444.85,2017-07-16
10.31,39.69,23.98,31.835,15.709999999999996,1157.4,2017-07-17
18.19,38.98,24.14,NA,14.839999999999996,1168.69,2017-07-18
0,38.19,24.93,31.56,13.259999999999998,1229.46,2017-07-19
0,38.15,26.75,32.45,11.4,1379.7,2017-07-20
0,39.28,26.39,NA,12.89,1348.53,2017-07-21
0,39.54,26.34,32.94,13.2,1344.18,2017-07-22
0,40.32,27.66,33.99,12.66,1460.21,2017-07-23
2.6,37.9,26.15,32.025,11.75,1328.11,2017-07-24
2.46,34.15,23.94,29.045,10.209999999999996,1153.79,2017-07-25
0,39.06,25.46,32.260000000000005,13.6,1271.77,2017-07-26
0,40.63,26.87,33.75,13.760000000000002,1389.95,2017-07-27
0,39.98,28.29,34.135,11.689999999999998,1518.08,2017-07-28
0,38.74,26.63,32.685,12.110000000000005,1369.14,2017-07-29
1.91,38,25.62,NA,12.38,1284.32,2017-07-30
0,37.73,25.17,31.45,12.559999999999995,1248.09,2017-07-31
0,39.56,28.2,33.88,11.360000000000005,1509.67,2017-08-01
0,39.16,28.29,33.724999999999994,10.869999999999996,1518.16,2017-08-02
0,35.95,26.15,31.05,9.800000000000004,1328.28,2017-08-03
0.39,39.54,24.87,32.205,14.669999999999998,1225.02,2017-08-04
0,38.97,23.29,31.13,15.68,1106.98,2017-08-05
0,39.77,25.5,32.635000000000005,14.270000000000003,1274.57,2017-08-06
0,39.72,24.79,32.254999999999995,14.93,1218.35,2017-08-07
0,40.92,24.61,32.765,16.310000000000002,1204.66,2017-08-08
0,41.57,23.62,32.595,17.95,1130.8,2017-08-09
0,43.31,25.3,34.305,18.01,1258.35,2017-08-10
0,40.58,28.7,34.64,11.88,1557.51,2017-08-11
0,40.98,25.36,33.17,15.619999999999996,1263.85,2017-08-12
51.95,39.62,25.02,NA,14.599999999999998,1236.41,2017-08-13
0,37.48,22.16,29.82,15.319999999999997,1489.48,2017-08-14
0,38.76,24.69,31.725,14.069999999999997,1851.01,2017-08-15
0,39.09,24.11,31.6,14.980000000000004,1721.44,2017-08-16
0,38.78,22.52,30.65,16.26,1488.41,2017-08-17
0,39.18,21.19,30.185,17.99,1303.45,2017-08-18
0,39.82,22.1,30.96,17.72,1408.65,2017-08-19
0,39.36,23.59,NA,15.77,1669.42,2017-08-20
0,38.13,25.77,31.950000000000003,12.360000000000005,2234.6,2017-08-21
0,39.18,25.65,NA,13.53,2111.08,2017-08-22
0,41.27,24.94,NA,16.330000000000002,1818.49,2017-08-23
0,40.53,26.26,33.395,14.27,2165.27,2017-08-24
0,39.11,23.85,NA,15.259999999999998,1789.53,2017-08-25
0,41.59,25.17,33.38,16.42,1882.56,2017-08-26
0,42.85,26.67,34.760000000000005,16.18,2117.33,2017-08-27
0,42.42,27.85,NA,14.57,2449.38,2017-08-28
0,42.88,27.68,35.28,15.200000000000005,2382.11,2017-08-29
0,42.14,27.65,NA,14.490000000000002,2460.88,2017-08-30
0,41.94,27.63,34.785,14.31,2490.82,2017-08-31
0,42,25.37,33.685,16.63,1990.49,2017-09-01
0,42.21,24.46,33.335,17.75,1832.24,2017-09-02
0,39.73,26.72,33.224999999999994,13.009999999999998,2540.22,2017-09-03
0,39.06,25.68,32.370000000000005,13.380000000000004,2341.25,2017-09-04
0,39.56,24.94,32.25,14.62,2133.06,2017-09-05
0,41.2,25.51,33.355000000000004,15.69,2140.97,2017-09-06
0,42.24,25.64,33.94,16.6,2105.77,2017-09-07
27,40.6,25.76,33.18,14.84,2742.42,2017-09-08
0,37.23,24.33,30.78,12.9,2613.95,2017-09-09
0,35.35,24.71,30.03,10.64,2883.94,2017-09-10
0,39.47,23.97,31.72,15.5,2393.83,2017-09-11
0,41.37,26.03,33.7,15.339999999999996,2757.15,2017-09-12
0,42.34,26.07,34.205,16.270000000000003,2716.69,2017-09-13
0,41.73,26.41,34.07,15.319999999999997,2854.38,2017-09-14
0,38.71,26.73,32.72,11.98,3190.97,2017-09-15
0,36.29,21.63,NA,14.66,2147.27,2017-09-16
0,35.6,19.29,27.445,16.310000000000002,1784.3,2017-09-17
0,37.11,21.05,29.08,16.06,2011.42,2017-09-18
0,37.51,17.87,27.69,19.639999999999997,1543.43,2017-09-19
0,37.54,18.81,28.174999999999997,18.73,1678.27,2017-09-20
0,37.36,19.25,28.305,18.11,1758.5,2017-09-21
0,35.8,18.67,NA,17.129999999999995,1737.05,2017-09-22
0,32.49,18.99,25.74,13.500000000000004,1939.94,2017-09-23
0,29.94,14.46,22.200000000000003,15.48,1393.92,2017-09-24
0,29.7,12.81,21.255,16.89,1223.61,2017-09-25
0,30.9,10.73,20.815,20.17,1016.54,2017-09-26
0,32.02,12.44,NA,19.580000000000005,1151.1,2017-09-27
0,32.43,14.83,23.63,17.6,1396.05,2017-09-28
0,34.33,13.94,24.135,20.39,1264.33,2017-09-29
0,35.95,16.02,25.985,19.930000000000003,1465.49,2017-09-30
0,36.88,17.93,27.405,18.950000000000003,1690.16,2017-10-01
0,36.13,16.5,26.315,19.630000000000003,1534.83,2017-10-02
0,34.16,16.72,25.44,17.439999999999998,1628.01,2017-10-03
0,35.55,15.29,NA,20.26,1426.34,2017-10-04
0,36.56,17.16,26.86,19.4,1640.22,2017-10-05
0,36.49,19.89,28.19,16.6,2059.31,2017-10-06
0,35.65,17.22,26.435,18.43,1691.82,2017-10-07
0,34.77,12.95,NA,21.820000000000004,1232,2017-10-08
0,34.1,14.09,24.095,20.01,1370.66,2017-10-09
0,33.29,15.11,24.2,18.18,1517.91,2017-10-10
0,32.55,16.21,24.38,16.339999999999996,1692.17,2017-10-11
0,36.08,16.45,26.265,19.63,1632.02,2017-10-12
0,35.22,14.95,25.085,20.27,1476.69,2017-10-13
0,34.82,15.3,25.06,19.52,1537.74,2017-10-14
0,34.05,15.54,24.795,18.51,1596.16,2017-10-15
0,34.92,14.06,NA,20.86,1346.83,2017-10-16
0,36.34,16.83,NA,19.510000000000005,1485,2017-10-17
0,35.07,18.05,26.56,17.02,1707.5,2017-10-18
0,34.38,17.97,NA,16.410000000000004,1731.67,2017-10-19
0,34.56,19.43,26.995,15.130000000000004,1967.96,2017-10-20
0,31.17,16.2,23.685,14.970000000000002,1618.24,2017-10-21
0,29.52,13.76,21.64,15.76,1365.4,2017-10-22
0,32.61,12.05,22.33,20.56,1092.03,2017-10-23
0,34.88,13.04,23.96,21.840000000000003,1123.67,2017-10-24
0,36.73,15.57,26.15,21.159999999999997,1347.09,2017-10-25
0,35.62,16.71,26.165,18.909999999999997,1523.49,2017-10-26
0,33.6,14.68,24.14,18.92,1347.27,2017-10-27
0,32.75,13.34,NA,19.41,1232.13,2017-10-28
0,32.69,13.22,22.955,19.47,1212.58,2017-10-29
0,31.97,13.25,22.61,18.72,1239.75,2017-10-30
0,30.79,13.95,22.369999999999997,16.84,1357.93,2017-10-31
0,27.89,13.74,20.815,14.15,1437.56,2017-11-01
0,28.98,13.68,21.33,15.3,1394.68,2017-11-02
0,27.95,14.87,21.41,13.08,1590.65,2017-11-03
0,27.73,12.84,20.285,14.89,1338.44,2017-11-04
0,28.65,15.45,22.049999999999997,13.2,1651.17,2017-11-05
0,27.16,15.1,21.13,12.06,1667.43,2017-11-06
0,28.22,13.35,NA,14.87,1390.27,2017-11-07
0,27.56,16.02,NA,11.54,1792.03,2017-11-08
0,27.82,15.6,21.71,12.22,1715.48,2017-11-09
0,29.28,15.42,NA,13.86,1630.78,2017-11-10
0,29.92,14.05,21.985,15.87,1430.31,2017-11-11
0,29.61,12.87,21.24,16.740000000000002,549.99,2017-11-12
0,29.3,12.4,20.85,16.9,532.17,2017-11-13
0,30.7,15.19,22.945,15.51,645.9,2017-11-14
0,29.7,14.03,21.865,15.67,596.06,2017-11-15
0,28.8,12.2,20.5,16.6,524.69,2017-11-16
0,29.34,12.92,21.13,16.42,552.07,2017-11-17
0,27.95,13.27,20.61,14.68,601.62,2017-11-18
0,27.15,11.15,19.15,15.999999999999998,493.17,2017-11-19
0,27.81,7.19,17.5,20.619999999999997,366.25,2017-11-20
0,26.56,7.41,16.985,19.15,372.29,2017-11-21
0,25.72,7.76,16.74,17.96,382.01,2017-11-22
0,31.19,9.19,20.19,22,423.69,2017-11-23
0,30.77,10.51,20.64,20.26,465.69,2017-11-24
0,29.96,10.69,20.325,19.270000000000003,471.75,2017-11-25
0,29.4,11.1,NA,18.299999999999997,485.44,2017-11-26
0,29.97,10.23,20.1,19.74,456.38,2017-11-27
0,29.32,10.03,19.675,19.29,450.01,2017-11-28
0,25.45,8.16,16.805,17.29,432.8,2017-11-29
0,25.32,9.77,17.545,15.55,528.83,2017-11-30
0,23.94,12.68,18.31,11.260000000000002,850.25,2017-12-01
0,25.23,14.67,19.95,10.56,1010.43,2017-12-02
0,27.79,13.1,20.445,14.69,681.97,2017-12-03
0,27.16,11.31,19.235,15.85,577.26,2017-12-04
0,25.21,9.75,17.48,15.46,547.98,2017-12-05
0,17.47,8.18,12.825,9.29,779.19,2017-12-06
0,24.12,6.97,15.545,17.150000000000002,430.41,2017-12-07
0,20.77,7.56,14.165,13.21,389.77,2017-12-08
0,20.82,2.85,11.835,17.97,265.17,2017-12-09
0,24.67,2.04,13.355,22.630000000000003,249.22,2017-12-10
0,25.72,7.09,NA,18.63,363.64,2017-12-11
0,24.74,7.58,16.16,17.159999999999997,376.82,2017-12-12
0,23.01,4.28,13.645,18.73,295.19,2017-12-13
0,24.19,4.72,14.455,19.47,305.17,2017-12-14
0,22.38,3.53,12.955,18.85,279.19,2017-12-15
0,22.43,5.38,13.905,17.05,320.54,2017-12-16
4.64,20.63,4.89,12.76,15.739999999999998,434,2017-12-17
0.41,17.37,6.56,11.965,10.810000000000002,505.28,2017-12-18
0,18.83,5.15,11.989999999999998,13.679999999999998,357.09,2017-12-19
0,18.83,3.28,11.055,15.55,275.71,2017-12-20
0,20.46,3.59,NA,16.87,280.44,2017-12-21
0,14.37,5.36,NA,9.009999999999998,554.18,2017-12-22
0,13.6,-1.98,5.81,15.58,211.77,2017-12-23
0,15.46,-0.35,7.555000000000001,15.81,221.7,2017-12-24
0,20.21,0.75,10.48,19.46,225.81,2017-12-25
0,20.43,2.62,11.525,17.81,260.59,2017-12-26
0,20.5,1.77,11.135,18.73,244.21,2017-12-27
0,21.84,4.2,13.02,17.64,293.47,2017-12-28
0,23.16,3.19,13.175,19.97,271.99,2017-12-29
0,24.2,3.13,13.665,21.07,270.78,2017-12-30
0,24.23,4.24,14.235,19.99,294.48,2017-12-31
0,21.04,3.99,12.515,17.049999999999997,288.85,2018-01-01
0,22.52,3.77,13.145,18.75,687.92,2018-01-02
0,23.32,6.3,14.81,17.02,836.1,2018-01-03
0,24.48,5.27,14.875,19.21,747.07,2018-01-04
0,25.77,9.25,NA,16.52,1015.71,2018-01-05
0,24.8,6.2,NA,18.6,743.15,2018-01-06
0,23.42,7.15,15.285,16.270000000000003,811.28,2018-01-07
0,24.27,8.54,NA,15.73,896.59,2018-01-08
0,24.34,10,17.17,14.34,1021.44,2018-01-09
2.9,26.02,11.24,NA,14.78,1244.6,2018-01-10
0,21.56,10.33,15.945,11.23,1179.71,2018-01-11
0,20,6,13,14,768.31,2018-01-12
0,20.44,5.98,NA,14.46,335.13,2018-01-13
0,24.95,5.16,15.055,19.79,315.45,2018-01-14
0,24.83,5.28,NA,19.549999999999997,318.2,2018-01-15
0,22.91,6.21,NA,16.7,340.88,2018-01-16
0,22.82,7.64,NA,15.18,378.55,2018-01-17
0,21.59,7.52,14.555,14.07,375.29,2018-01-18
0,22.88,4.39,13.635,18.49,297.81,2018-01-19
0,24.62,5.45,15.035,19.17,322.13,2018-01-20
0,17.33,7.09,12.21,10.239999999999998,480.45,2018-01-21
0,14.17,3.51,NA,10.66,380.6,2018-01-22
0,15.3,0.6,NA,14.7,223.11,2018-01-23
0,20.16,-0.51,NA,20.67,204.76,2018-01-24
0,23.91,1.75,12.83,22.16,243.79,2018-01-25
0,24.9,2.72,NA,22.18,262.47,2018-01-26
0,21.01,4.4,12.705000000000002,16.61,297.89,2018-01-27
0,22.31,1.73,NA,20.58,243.45,2018-01-28
0,26.54,3.19,14.865,23.35,272.08,2018-01-29
0,28.4,9.24,18.82,19.159999999999997,424.99,2018-01-30
0,27.33,8.79,NA,18.54,411.5,2018-01-31
0,25.92,4.86,15.39,21.06,308.27,2018-02-01
0,26.25,5.45,15.85,20.8,322.23,2018-02-02
0,26.5,6.46,16.48,20.04,347.34,2018-02-03
0,25.61,6.47,16.04,19.14,347.53,2018-02-04
0,26.4,7.06,16.73,19.34,362.96,2018-02-05
0,26.77,7.52,17.145,19.25,375.17,2018-02-06
0,26.47,7.73,17.1,18.74,380.99,2018-02-07
0,25.86,8.82,17.34,17.04,412.54,2018-02-08
0,28.3,5.17,16.735,23.130000000000003,315.68,2018-02-09
0,27.2,6.32,16.759999999999998,20.88,343.67,2018-02-10
0,26.78,7.85,NA,18.93,384.31,2018-02-11
0,24.6,10.6,17.6,14.000000000000002,468.59,2018-02-12
0,19.73,10.28,NA,9.45,502.37,2018-02-13
0,23.64,13.33,18.485,10.31,568.12,2018-02-14
11.22,18.36,9.01,13.685,9.35,638.08,2018-02-15
2.07,17.61,10.94,14.275,6.67,1137.71,2018-02-16
0,17.9,10.85,NA,7.049999999999999,957.2,2018-02-17
0,21.04,7.04,14.04,14,391.79,2018-02-18
0,23.57,8.05,15.81,15.52,390.15,2018-02-19
0,20.11,10.27,NA,9.84,673.89,2018-02-20
0,14.97,3.8,NA,11.170000000000002,416.88,2018-02-21
0,16.02,-0.03,7.995,16.05,223.25,2018-02-22
0,16.85,0.99,NA,15.86,231.73,2018-02-23
0,17.1,2.54,9.82,14.560000000000002,270.82,2018-02-24
0,15.14,1.91,8.525,13.23,288.64,2018-02-25
0,17.63,0.11,8.87,17.52,214.9,2018-02-26
0,20.97,0.63,10.8,20.34,223.6,2018-02-27
3.23,21.05,3.35,NA,17.7,312.28,2018-02-28
0,16.26,4.06,10.16,12.200000000000005,311.87,2018-03-01
0,20.17,2.6,11.385000000000002,17.57,260.06,2018-03-02
0,23.9,3.63,13.765,20.27,281.3,2018-03-03
0,24.55,5.92,NA,18.630000000000003,333.54,2018-03-04
0,20.68,8.15,14.415,12.53,392.98,2018-03-05
0,21.58,4.54,13.06,17.04,301.05,2018-03-06
0,26.45,5.96,16.205,20.49,334.65,2018-03-07
0,26.19,6.12,16.155,20.07,338.53,2018-03-08
0,27.44,9.33,18.385,18.11,428,2018-03-09
0,28.52,9.52,19.02,19,433.77,2018-03-10
0.02,25.39,13.21,19.3,12.18,563.13,2018-03-11
0,24.87,14.58,19.725,10.29,619.19,2018-03-12
0,27.9,11.41,19.655,16.49,496.25,2018-03-13
0,28.63,12.29,20.46,16.34,528.05,2018-03-14
0,30.16,13.12,21.64,17.04,559.54,2018-03-15
0,24.38,12.19,18.285,12.19,524.44,2018-03-16
0,23.54,8.58,16.06,14.96,405.34,2018-03-17
0,22.41,8.43,15.42,13.98,401.08,2018-03-18
0,20.34,10.22,15.28,10.12,456.21,2018-03-19
0,22.58,5.85,14.215,16.729999999999997,331.81,2018-03-20
0,26.44,5.45,15.945,20.99,322.33,2018-03-21
0,28.62,9.66,NA,18.96,438.01,2018-03-22
0,32.37,13.68,23.025,18.69,581.84,2018-03-23
0,29.1,17.77,23.435,11.330000000000002,769.63,2018-03-24
0,26.61,12.74,19.675,13.87,545.03,2018-03-25
0,25.26,9.83,17.545,15.43,443.47,2018-03-26
0,23.89,9.49,NA,14.4,432.77,2018-03-27
0,23.51,8.02,15.765,15.490000000000002,389.33,2018-03-28
0,26.75,7.53,17.14,19.22,375.67,2018-03-29
0,30.57,10,20.285,20.57,449.07,2018-03-30
0,31.92,11.92,21.92,20,514.38,2018-03-31
0,33.22,14.13,23.675,19.089999999999996,600.43,2018-04-01
0,33.46,15.29,24.375,18.17,650.21,2018-04-02
0,31.71,12.46,22.085,19.25,534.26,2018-04-03
0,31.11,12.59,21.85,18.52,539.48,2018-04-04
0,32.31,13.17,22.74,19.14,561.66,2018-04-05
0,33.18,13.99,23.585,19.19,594.75,2018-04-06
0,33.85,16.19,25.020000000000003,17.66,691.43,2018-04-07
0,34.6,18.02,26.31,16.580000000000002,782.85,2018-04-08
0,33.96,19.33,26.645,14.630000000000004,853.99,2018-04-09
0,34.31,15.48,24.895000000000003,18.83,658.87,2018-04-10
0,36.31,15.08,25.695,21.230000000000004,641.05,2018-04-11
0,35.48,16.55,26.015,18.929999999999996,708.61,2018-04-12
0,31.31,17.81,24.56,13.5,771.88,2018-04-13
0,25.95,12.34,19.145,13.61,530.05,2018-04-14
0,27.59,10.79,19.19,16.8,475.06,2018-04-15
0,32.26,9.9,NA,22.36,445.64,2018-04-16
0,31.42,14.35,22.885,17.07,609.51,2018-04-17
0,25.67,13.67,19.67,12.000000000000002,581.68,2018-04-18
0,28.52,8.27,18.395,20.25,396.39,2018-04-19
0,29.81,11.11,20.46,18.7,485.74,2018-04-20
0,25.97,11.05,18.51,14.919999999999998,483.7,2018-04-21
0,30.46,10.64,20.55,19.82,470.03,2018-04-22
0,34.23,13.82,24.025,20.409999999999997,587.43,2018-04-23
0,35.29,15.08,25.185,20.21,641.15,2018-04-24
0,36.22,15.65,25.935,20.57,666.66,2018-04-25
0,36.79,16.56,26.674999999999997,20.23,709.2,2018-04-26
0,35.43,17.28,26.355,18.15,744.73,2018-04-27
0,37.18,18.8,27.99,18.38,824.35,2018-04-28
0,36.34,19.3,27.82,17.040000000000003,852.5,2018-04-29
0,34.37,16.56,25.464999999999996,17.81,709.21,2018-04-30
0,29.91,15.13,NA,14.78,643.26,2018-05-01
0,26.02,14.46,NA,11.56,614.17,2018-05-02
0,23.77,13.38,NA,10.39,570,2018-05-03
0,28.18,10.1,19.14,18.08,452.3,2018-05-04
0,34.44,12.78,23.61,21.659999999999997,546.54,2018-05-05
0,39.14,15.17,27.155,23.97,644.97,2018-05-06
0,41.2,18.35,NA,22.85,800.09,2018-05-07
0,39.41,21.6,30.505,17.809999999999995,991.76,2018-05-08
0,40.41,17.71,29.06,22.699999999999996,766.69,2018-05-09
0,40.63,19.05,29.840000000000003,21.58,838.25,2018-05-10
0,40.6,19.08,NA,21.520000000000003,840.05,2018-05-11
0,37.73,21.31,29.519999999999996,16.419999999999998,973.47,2018-05-12
0,32.44,18.63,25.534999999999997,13.81,815.18,2018-05-13
0,32.64,14.94,23.79,17.700000000000003,634.84,2018-05-14
0,34.08,14.92,24.5,19.159999999999997,634.1,2018-05-15
0,34.93,14.66,NA,20.27,622.61,2018-05-16
0,37.21,16.45,26.83,20.76,703.83,2018-05-17
0,36.27,17.22,NA,19.050000000000004,741.7,2018-05-18
0,34.79,16.51,NA,18.28,706.97,2018-05-19
0,35.78,16.52,26.15,19.26,707.19,2018-05-20
0,36.69,17.53,27.11,19.159999999999997,757.14,2018-05-21
0,35.32,17.45,26.385,17.87,753.09,2018-05-22
0,34.06,16.87,NA,17.19,724.51,2018-05-23
0,34.82,15.91,25.365,18.91,678.67,2018-05-24
0,37.07,16.9,26.985,20.17,725.75,2018-05-25
0,37.96,17.92,27.94,20.04,777.5,2018-05-26
0,34.29,19.11,26.7,15.18,841.69,2018-05-27
0,34.12,16.41,25.265,17.709999999999997,701.83,2018-05-28
0,36.32,17.59,26.955,18.73,760.21,2018-05-29
0,39,19.77,29.385,19.23,879.4,2018-05-30
0,38.82,21.71,30.265,17.11,998.97,2018-05-31
0,38.23,18.96,28.595,19.269999999999996,833.28,2018-06-01
0,37.47,18.98,28.225,18.49,834.56,2018-06-02
0,39.92,18.86,29.39,21.06,827.71,2018-06-03
0,41.76,19.1,NA,22.659999999999997,841.12,2018-06-04
0,42.79,21.17,31.98,21.619999999999997,964.45,2018-06-05
0,41.16,21.55,31.354999999999997,19.609999999999996,988.72,2018-06-06
0,40.31,21.77,31.04,18.540000000000003,1002.77,2018-06-07
0,40.62,19.61,30.115,21.01,870.26,2018-06-08
0,42.5,21.07,NA,21.43,958.05,2018-06-09
0,42.84,22.35,32.595,20.49,1041.66,2018-06-10
0,41.25,22.04,31.645,19.21,1020.63,2018-06-11
0,41.51,21.11,31.31,20.4,960.72,2018-06-12
0,42.9,20.82,31.86,22.08,942.37,2018-06-13
0,43.69,24.06,NA,19.63,1163.18,2018-06-14
0,42.47,27.94,35.205,14.529999999999998,1486.23,2018-06-15
0,35.95,27.78,31.865,8.170000000000002,1471.32,2018-06-16
2.84,30.02,21.65,25.835,8.370000000000001,995.06,2018-06-17
0,37.05,20.2,28.625,16.849999999999998,905.14,2018-06-18
0,38.37,19.15,28.76,19.22,844.11,2018-06-19
0,39.45,19.35,29.4,20.1,855.18,2018-06-20
0,41.4,21.43,NA,19.97,981.2,2018-06-21
0,42.54,22.85,32.695,19.69,1075.58,2018-06-22
0,43.89,22.53,NA,21.36,1053.81,2018-06-23
0,42.32,24.07,33.195,18.25,1163.55,2018-06-24
0,40.46,24.73,32.595,15.73,1214.23,2018-06-25
0,40.92,24.17,32.545,16.75,1171.24,2018-06-26
0,43.13,22.86,NA,20.270000000000003,1076.5,2018-06-27
0,42.78,24.01,33.395,18.77,1159.33,2018-06-28
0,42.11,25.72,33.915,16.39,1293.02,2018-06-29
0,40.84,25.97,33.405,14.870000000000005,1312.89,2018-06-30
0,39.32,22.79,NA,16.53,1071.42,2018-07-01
0,40.56,20.28,30.42,20.28,909.99,2018-07-02
0,41.75,21.17,31.46,20.58,964.6,2018-07-03
0,42.36,23.42,32.89,18.94,1116.22,2018-07-04
0,41.51,26.24,NA,15.27,1335.89,2018-07-05
0,45.66,25.93,35.795,19.729999999999997,1309.64,2018-07-06
0,43.8,31.52,NA,12.279999999999998,1850.33,2018-07-07
0,44.56,29.66,37.11,14.900000000000002,1652.59,2018-07-08
0,43.48,29.28,36.379999999999995,14.199999999999996,1614.61,2018-07-09
0.88,40.99,23.3,32.145,17.69,1107.47,2018-07-10
2.05,36.86,23.52,30.19,13.34,1123.67,2018-07-11
2.09,36.97,23.65,30.31,13.32,1132.84,2018-07-12
0,38.9,24.22,31.56,14.68,1175.33,2018-07-13
0,40.36,26.78,33.57,13.579999999999998,1381.91,2018-07-14
0,38.68,27.62,33.15,11.06,1456.23,2018-07-15
0,37.33,28.22,32.775,9.11,1511.93,2018-07-16
0,40.43,27.82,34.125,12.61,1475.14,2018-07-17
0,40.48,25.69,33.085,14.789999999999996,1290.18,2018-07-18
0,39.14,26.58,32.86,12.560000000000002,1364.91,2018-07-19
0,39.86,28.27,34.065,11.59,1517.01,2018-07-20
0,41.21,28.82,35.015,12.39,1568.84,2018-07-21
0,38.71,24.03,31.37,14.68,1161.03,2018-07-22
0,42.6,26.3,34.45,16.3,1341.12,2018-07-23
0,45.49,28.44,36.965,17.05,1532.45,2018-07-24
0,46.17,28.78,37.475,17.39,1565.03,2018-07-25
0,45.62,29.96,37.79,15.659999999999997,1683.02,2018-07-26
0,43.66,31.18,37.42,12.479999999999997,1812.85,2018-07-27
0,43.02,30.84,36.93,12.180000000000003,1775.65,2018-07-28
0,41.71,28.74,35.225,12.970000000000002,1561.79,2018-07-29
0,39.9,25.95,32.925,13.95,1311.33,2018-07-30
1.49,42.16,26.18,34.17,15.979999999999997,1330.99,2018-07-31
0,41.42,26.47,NA,14.950000000000005,1355.06,2018-08-01
0,43.28,29.23,NA,14.05,1609.26,2018-08-02
0,43.07,28.27,NA,14.8,1516.68,2018-08-03
0,42.96,27.41,35.185,15.55,1437.2,2018-08-04
0,42.91,28.95,35.93,13.959999999999996,1581.93,2018-08-05
0,44.11,29.05,36.58,15.06,1591.59,2018-08-06
0,44.47,28.6,36.535,15.869999999999996,1547.48,2018-08-07
0,43.27,29.06,36.165,14.210000000000004,1592.17,2018-08-08
0,39.81,24.91,32.36,14.900000000000002,1227.83,2018-08-09
12.75,38.77,26.83,32.8,11.940000000000005,1386.1,2018-08-10
0,37.97,21.81,29.89,16.16,1005.46,2018-08-11
0,38.21,24.04,31.125,14.170000000000002,1161.84,2018-08-12
2.49,39.05,25.54,32.295,13.509999999999998,1278.37,2018-08-13
0,38.22,24.45,31.335,13.77,1192.63,2018-08-14
0,39.36,26.62,32.99,12.739999999999998,1368.46,2018-08-15
0,37.53,24.38,30.955,13.150000000000002,1187.03,2018-08-16
0,37.54,26.49,NA,11.05,1356.89,2018-08-17
0,38.92,26.03,NA,12.89,1317.87,2018-08-18
0,40.7,27.81,34.255,12.890000000000004,1473.54,2018-08-19
0,41.46,28.3,34.88,13.16,1519.75,2018-08-20
0,41.46,29.04,35.25,12.420000000000002,1590.72,2018-08-21
0,38.91,28.13,33.519999999999996,10.779999999999998,1503.13,2018-08-22
0,38.73,27.19,32.96,11.539999999999996,1418.16,2018-08-23
6.2,37.17,25.35,31.26,11.82,1262.97,2018-08-24
0,38.1,25.45,NA,12.650000000000002,1270.82,2018-08-25
0,38.04,24.63,31.335,13.41,1206.39,2018-08-26
0,39.21,25.83,32.519999999999996,13.380000000000004,1302.09,2018-08-27
0,40.55,26.18,33.364999999999995,14.369999999999996,1330.95,2018-08-28
0,39.8,23.23,31.515,16.569999999999997,1102.85,2018-08-29
0,40.58,23.22,31.9,17.36,1102.14,2018-08-30
0,39.48,26.07,32.775,13.409999999999997,1321.55,2018-08-31
0,40.25,26.02,33.135,14.23,1317.76,2018-09-01
0,39.34,27.19,33.265,12.150000000000002,1417.79,2018-09-02
0,38.49,24.72,31.605,13.770000000000003,1213.41,2018-09-03
0,36.82,22.11,29.465,14.71,1025.43,2018-09-04
0,37.26,24.58,30.92,12.68,1202.06,2018-09-05
0,38.7,25.2,31.950000000000003,13.500000000000004,1250.6,2018-09-06
0,39.85,24.97,32.41,14.880000000000004,1232.53,2018-09-07
0,40.25,24.66,32.455,15.59,1208.76,2018-09-08
0,41.51,26.57,34.04,14.939999999999998,1363.75,2018-09-09
0,40.56,26.11,33.335,14.450000000000005,1324.81,2018-09-10
0,40.65,25.98,33.315,14.669999999999998,1313.73,2018-09-11
0,41.48,23.73,32.605,17.749999999999996,1138.73,2018-09-12
0,41.01,23.53,NA,17.479999999999997,1124.15,2018-09-13
0,40.3,20.52,30.409999999999997,19.78,923.9,2018-09-14
0,41.91,21.8,NA,20.109999999999996,1004.86,2018-09-15
0,42.52,23.58,33.05,18.940000000000005,1127.99,2018-09-16
0,40.23,25.78,33.004999999999995,14.449999999999996,1297.33,2018-09-17
0,40.95,25.58,33.265,15.370000000000005,1281.35,2018-09-18
0,40.18,26.51,33.345,13.669999999999998,1358.48,2018-09-19
12.47,34.3,22.65,NA,11.65,1062.24,2018-09-20
0,34.46,20.88,27.67,13.580000000000002,946.49,2018-09-21
0,37.1,22.56,29.83,14.540000000000004,1055.73,2018-09-22
0,38.69,22.91,30.799999999999997,15.779999999999998,1079.96,2018-09-23
0,38.56,23.68,31.12,14.880000000000004,1135.15,2018-09-24
0,37.48,25.42,31.45,12.059999999999995,1268.47,2018-09-25
0,37.11,21.74,29.424999999999997,15.37,1000.81,2018-09-26
0,38.22,21.7,NA,16.52,998.52,2018-09-27
0,39.17,20.95,30.06,18.22,950.89,2018-09-28
0,39.35,20.81,30.08,18.540000000000003,941.85,2018-09-29
0,38.46,22.04,30.25,16.42,1020.56,2018-09-30
14.1,35.9,21.94,NA,13.959999999999996,1369.74,2018-10-01
20.16,29.38,20.47,24.924999999999997,8.91,2099.88,2018-10-02
15.72,26.76,20.93,23.845,5.830000000000002,2474.99,2018-10-03
0,29.66,21.78,25.72,7.879999999999999,2596.89,2018-10-04
0,30.61,19.93,25.27,10.68,2081.1,2018-10-05
0,30.01,18.79,24.4,11.220000000000002,1904.91,2018-10-06
7.41,29.85,17.87,23.86,11.98,1985.1,2018-10-07
2.65,26.23,14.56,20.395,11.67,1657.1,2018-10-08
0,24.23,13.64,18.935,10.59,1479.01,2018-10-09
0,26.9,12.96,19.93,13.939999999999998,1276.6,2018-10-10
0,28.58,13.53,21.055,15.05,1277.9,2018-10-11
0,28.66,16.48,NA,12.18,1663.26,2018-10-12
6.47,27.68,18.13,NA,9.55,2080.12,2018-10-13
29.9,25.3,17.03,21.165,8.27,1940.75,2018-10-14
0,25.12,14.75,19.935,10.37,1677.19,2018-10-15
0.42,24.97,15.09,20.03,9.88,1714.69,2018-10-16
0,20.88,13.12,NA,7.76,1508.34,2018-10-17
0,25.38,13.07,19.225,12.31,1503.84,2018-10-18
0,27.49,13.41,20.45,14.079999999999998,1501.92,2018-10-19
0,29.42,14.65,22.035,14.77,1614.32,2018-10-20
0,33.31,17.8,25.555,15.510000000000002,1959.75,2018-10-21
1.22,32.37,19.14,25.755,13.229999999999997,2211.19,2018-10-22
0,30.15,17.21,23.68,12.939999999999998,1962.64,2018-10-23
0,31.11,18.42,24.765,12.689999999999998,2118.67,2018-10-24
0,28.75,13.93,21.34,14.82,1573.08,2018-10-25
0,29.43,14.9,22.165,14.53,1684.31,2018-10-26
0,30.08,14.81,22.445,15.269999999999998,1663.93,2018-10-27
0,31.26,14.28,22.77,16.980000000000004,1582.71,2018-10-28
0,31.52,14.17,22.845,17.35,1571.11,2018-10-29
0,30.64,16.82,NA,13.82,1914.39,2018-10-30
0,29.2,16.14,22.67,13.06,1833.63,2018-10-31
0,25.91,13.11,19.51,12.8,1508.01,2018-11-01
0,24.99,9.13,17.06,15.859999999999998,1157.47,2018-11-02
0,27.28,9.36,18.32,17.92,1168.97,2018-11-03
0,27.25,10.41,18.83,16.84,1261.28,2018-11-04
0,27.04,11.45,NA,15.59,1352.22,2018-11-05
0,27.92,11.73,19.825000000000003,16.19,1377.08,2018-11-06
0,28.43,11.53,19.98,16.9,1359.15,2018-11-07
0,27.98,10.74,19.36,17.240000000000002,1289.25,2018-11-08
0,27.05,10.47,18.76,16.58,1266.69,2018-11-09
0,26.04,12.07,19.055,13.97,1407.87,2018-11-10
0,26.39,10.56,NA,15.83,1274.46,2018-11-11
0,24.36,8.53,16.445,15.83,1111.34,2018-11-12
0,20.35,5.94,13.145,14.41,930.71,2018-11-13
0,18.29,5.08,11.685,13.21,876.73,2018-11-14
0,20.29,6.56,NA,13.73,971.28,2018-11-15
0,23.73,3.62,13.675,20.11,791.53,2018-11-16
0,24.45,5.46,14.955,18.99,900.55,2018-11-17
0,23.36,4.99,NA,18.369999999999997,871.35,2018-11-18
0,22.52,6.1,14.31,16.42,941.01,2018-11-19
0,23.77,4.95,14.36,18.82,868.68,2018-11-20
0,25.91,7.41,16.66,18.5,1029.96,2018-11-21
0,23.95,6.58,15.265,17.369999999999997,972.97,2018-11-22
0,21.06,8.7,14.88,12.36,1124.53,2018-11-23
0,20.95,6.8,13.875,14.15,987.58,2018-11-24
0,21.43,6.25,NA,15.18,951.2,2018-11-25
0,22.79,5.85,NA,16.939999999999998,924.8,2018-11-26
0,24.15,5.9,15.025,18.25,928.56,2018-11-27
0,24.11,5.79,NA,18.32,921.23,2018-11-28
0,24.67,6.68,15.675,17.990000000000002,979.32,2018-11-29
4.27,22.01,8.23,15.12,13.78,1089.28,2018-11-30
0,19.02,8.04,13.53,10.98,1074.94,2018-12-01
0,18.3,7.12,12.71,11.18,1009.74,2018-12-02
0,16.85,7.05,11.95,9.8,1005.01,2018-12-03
0,16.81,2.57,9.69,14.239999999999998,734.64,2018-12-04
0,17.99,2.16,10.075,15.829999999999998,713.58,2018-12-05
0,22.33,5.16,13.745,17.169999999999998,881.78,2018-12-06
0.5,17.94,9.42,13.68,8.520000000000001,1180.69,2018-12-07
0,19.24,9.9,NA,9.339999999999998,1219.53,2018-12-08
0,19.44,7,13.22,12.44,1001.69,2018-12-09
0,20.25,5.59,12.92,14.66,908.38,2018-12-10
0,21.52,5.67,13.595,15.85,913.51,2018-12-11
0,21.65,9.1,15.375,12.55,1155.09,2018-12-12
0,19.76,5.91,12.835,13.85,928.83,2018-12-13
0,19.73,3.89,11.81,15.84,806.58,2018-12-14
0,18.77,1.58,10.175,17.189999999999998,684.63,2018-12-15
0,19.7,5.8,12.75,13.9,921.8,2018-12-16
0,20.43,5.75,13.09,14.68,918.35,2018-12-17
0,20.71,5.89,13.3,14.82,927.48,2018-12-18
0,20.12,4.75,12.435,15.37,857.01,2018-12-19
0,20.66,3.73,12.195,16.93,797.87,2018-12-20
0,22.75,3.88,13.315,18.87,806.02,2018-12-21
0,20.08,6.41,13.245,13.669999999999998,961.32,2018-12-22
0,22.4,4.89,13.645,17.509999999999998,865.06,2018-12-23
0,23.02,5.21,14.115,17.81,884.6,2018-12-24
0,22.66,5.24,13.95,17.42,886.56,2018-12-25
2.6,20.19,5.65,NA,14.54,912.5,2018-12-26
0,16.48,5.69,11.085,10.79,915.09,2018-12-27
0,15.81,3.48,9.645,12.33,783.98,2018-12-28
0,13.23,2.67,NA,10.56,739.79,2018-12-29
0,13.49,-0.76,6.365,14.25,577.86,2018-12-30
0,13.83,-0.91,6.46,14.74,571.63,2018-12-31
6.15,11.68,-0.02,5.83,11.7,609.76,2019-01-01
0,10.43,2.11,6.27,8.32,710.94,2019-01-02
0,10.27,-1.77,4.25,12.04,536.6,2019-01-03
0,13.51,-2.68,5.415,16.19,501.54,2019-01-04
0,18.31,-0.74,8.785,19.049999999999997,575.59,2019-01-05
12.91,19.08,2.85,NA,16.229999999999997,749.57,2019-01-06
0,14.5,6.93,10.715,7.57,996.66,2019-01-07
0,16.66,3.38,10.02,13.28,778.2,2019-01-08
0,20.51,3.34,NA,17.17,776.15,2019-01-09
0,20.7,6.12,13.41,14.579999999999998,942.26,2019-01-10
0,18.38,7.56,12.97,10.82,1040.25,2019-01-11
0,18.83,4.48,11.655,14.349999999999998,841.04,2019-01-12
0.64,20.9,5.36,13.13,15.54,893.94,2019-01-13
0,17.62,6.64,12.13,10.98,976.68,2019-01-14
0.15,21.59,8.7,NA,12.89,1124.32,2019-01-15
1.11,19.34,10.45,14.895,8.89,1265.04,2019-01-16
0,20.83,8.23,14.53,12.599999999999998,1089.34,2019-01-17
0,20.66,6.69,13.675,13.97,980.59,2019-01-18
0,21.02,8.42,NA,12.6,1103.12,2019-01-19
0,21.64,5.77,13.705,15.87,919.88,2019-01-20
0,21.77,4.38,NA,17.39,834.77,2019-01-21
0,20.58,7.49,NA,13.089999999999998,1035.82,2019-01-22
0,17.04,5.33,NA,11.71,892.26,2019-01-23
0,16.41,1.13,8.77,15.28,662.68,2019-01-24
0,19.77,0.89,NA,18.88,647.83,2019-01-25
0,20.81,1.71,11.26,19.1,679.76,2019-01-26
0,22.34,2.24,12.29,20.1,693.97,2019-01-27
0,22.66,3.02,12.84,19.64,731.96,2019-01-28
0,22.11,4.11,13.11,18,799.07,2019-01-29
0,22.02,7.46,14.74,14.56,1033.29,2019-01-30
0,23.92,9.81,16.865000000000002,14.11,1211.97,2019-01-31
0,23.19,7.48,NA,15.71,1020.45,2019-02-01
0,23.36,9.08,16.22,14.28,1153.58,2019-02-02
6.53,22.95,10.83,16.89,12.12,1297.15,2019-02-03
2.52,20.97,12.42,16.695,8.549999999999999,1441.01,2019-02-04
0,18.48,11.06,14.77,7.42,1317.02,2019-02-05
2.92,18.91,8.47,13.69,10.44,1107.08,2019-02-06
0,14.71,5.9,NA,8.81,927.98,2019-02-07
0,14.16,-1.18,6.49,15.34,560.26,2019-02-08
0,19.5,-0.97,NA,20.47,554.97,2019-02-09
0,17.02,2.81,9.915,14.21,747.44,2019-02-10
0,19.02,1.69,10.355,17.33,684.32,2019-02-11
0,17.01,4.71,10.86,12.3,854.45,2019-02-12
0,21.05,-0.82,10.115,21.87,545.62,2019-02-13
0,20.83,5.25,13.04,15.579999999999998,880.22,2019-02-14
4.63,18.26,10.41,14.335,7.850000000000001,1261.73,2019-02-15
0,20.02,11.61,15.815,8.41,1365.99,2019-02-16
0,17.82,8.85,NA,8.97,1135.67,2019-02-17
1.98,16.58,2.63,9.605,13.95,737.62,2019-02-18
0,14.1,4.78,9.44,9.32,858.56,2019-02-19
0,13.58,1.02,7.3,12.56,654.69,2019-02-20
3.38,14.84,-1.26,6.79,16.1,556.99,2019-02-21
54.1,13.52,4.16,8.84,9.36,822.32,2019-02-22
5.1,9.51,2.95,6.23,6.56,754.91,2019-02-23
0,13.68,0.22,6.95,13.46,620.36,2019-02-24
0,17.61,0.62,9.115,16.99,638.92,2019-02-25
0,19.5,2.09,10.795,17.41,709.92,2019-02-26
0,22.55,3.38,NA,19.17,775.61,2019-02-27
0,24.17,9.97,17.07,14.2,1215.14,2019-02-28
0,25.37,6.61,15.99,18.76,899.5,2019-03-01
0,26.29,9.57,17.93,16.72,1113.68,2019-03-02
0,25.78,12.09,NA,13.69,1369.19,2019-03-03
0,24.97,9.77,17.369999999999997,15.2,1146.75,2019-03-04
0,24.35,9.12,16.735,15.230000000000002,1097.29,2019-03-05
0,26.82,7.61,17.215,19.21,939.44,2019-03-06
0,30.45,11.46,20.955,18.99,1204.57,2019-03-07
0,27.02,12.66,19.84,14.36,1395.97,2019-03-08
0,21.67,12.22,16.945,9.45,1422.65,2019-03-09
0,19.36,5.7,12.53,13.66,895.99,2019-03-10
0,22.58,6.69,14.635,15.889999999999995,901.67,2019-03-11
5.75,21.46,7.4,NA,14.06,1029.54,2019-03-12
2.62,16.37,10.23,13.3,6.140000000000001,1246.51,2019-03-13
0,19.13,8.44,13.785,10.69,1105.02,2019-03-14
0,18.08,2.85,10.465,15.23,716.61,2019-03-15
0,24.41,4.56,14.485,19.85,742.37,2019-03-16
0,26.83,9.1,17.965,17.729999999999997,1021.26,2019-03-17
0,27.47,9.02,18.244999999999997,18.45,1005.08,2019-03-18
0,28.55,10.02,19.285,18.53,1069.53,2019-03-19
0,29.78,10.96,20.37,18.82,1127.54,2019-03-20
0,30,12.25,21.125,17.75,1245.06,2019-03-21
0,25.94,10.91,NA,15.03,1201.45,2019-03-22
0,23.1,7.4,15.25,15.7,945.49,2019-03-23
0,25.98,8.04,NA,17.94,944.21,2019-03-24
0,27.4,9.24,18.32,18.159999999999997,1002.13,2019-03-25
0,30.38,8.13,19.255,22.25,833.38,2019-03-26
0,31.04,10.82,20.93,20.22,983.15,2019-03-27
0,29.13,13.29,21.21,15.84,1228.95,2019-03-28
0,30.35,10.9,20.625,19.450000000000003,936.72,2019-03-29
0,28.61,10.27,19.44,18.34,922.8,2019-03-30
0,28.43,9.31,18.87,19.119999999999997,849.74,2019-03-31
0,28.18,8.54,NA,19.64,797.77,2019-04-01
0,29.3,12.68,20.99,16.62,1109.3,2019-04-02
0,31.05,10.85,20.95,20.200000000000003,903.91,2019-04-03
0,28.07,14.06,21.065,14.01,1302.95,2019-04-04
0,30.07,12.46,21.265,17.61,1053.07,2019-04-05
0,28.35,11.73,20.04,16.62,1029.21,2019-04-06
0,28.1,15.44,21.77,12.660000000000002,1360.19,2019-04-07
0,31.89,12.69,22.29,19.200000000000003,912.42,2019-04-08
0,35.7,13.5,24.6,22.200000000000003,886.75,2019-04-09
0,36.49,15.96,26.225,20.53,1072.93,2019-04-10
0,31.36,14.53,22.945,16.83,1098.15,2019-04-11
0,25.41,11.67,18.54,13.74,1039.27,2019-04-12
0,24.83,15.49,20.16,9.339999999999998,1587.94,2019-04-13
0,26.47,9.74,18.105,16.729999999999997,813.2,2019-04-14
0,30.44,10.75,20.595,19.69,779.57,2019-04-15
0,32.11,13.24,22.675,18.869999999999997,925.08,2019-04-16
6.48,29.24,14.24,21.74,14.999999999999998,1340.24,2019-04-17
0,26.27,11.92,NA,14.35,1035.97,2019-04-18
0,32.92,11.68,22.3,21.24,813.64,2019-04-19
0,38.14,14.08,26.11,24.06,881.18,2019-04-20
0,36.64,18.1,27.37,18.54,1302.12,2019-04-21
0,32.91,18.17,NA,14.739999999999997,1491.08,2019-04-22
0,31.7,14.71,23.205,16.99,1103.24,2019-04-23
0,30.97,15.19,NA,15.78,1179.87,2019-04-24
0,34.24,14.79,24.515,19.450000000000003,1011.06,2019-04-25
0,37.55,18.04,27.795,19.51,1228.81,2019-04-26
0,38.19,18.52,28.354999999999997,19.67,1258.51,2019-04-27
0,37.25,18.92,NA,18.33,1339.74,2019-04-28
0,36.66,17.73,NA,18.929999999999996,1215.26,2019-04-29
0,32.83,18.55,25.69,14.279999999999998,1507.68,2019-04-30
0,29.26,14.45,21.855,14.810000000000002,1138.97,2019-05-01
0,31.58,14.81,23.195,16.769999999999996,1075.02,2019-05-02
0,31.39,13.97,22.68,17.42,993.02,2019-05-03
0,34.25,13.69,23.97,20.56,883.69,2019-05-04
0,35.78,15.44,25.61,20.340000000000003,917.85,2019-05-05
0,35.43,16.06,25.744999999999997,19.37,954.31,2019-05-06
0,32.61,16.91,NA,15.7,1166.04,2019-05-07
0.19,28.84,15.08,21.96,13.76,1105.61,2019-05-08
0,31.32,14.94,23.13,16.380000000000003,958.74,2019-05-09
0,31.55,15.29,23.42,16.26,977.23,2019-05-10
0,29.68,15.81,NA,13.87,1127.85,2019-05-11
1.3,30.57,15.41,NA,15.16,1030.44,2019-05-12
0,30.27,16.25,23.26,14.02,1166.94,2019-05-13
0,32.87,15.44,24.155,17.43,945.01,2019-05-14
0,36.6,19,27.8,17.6,1158.77,2019-05-15
0,37.62,20.12,28.869999999999997,17.499999999999996,1241.92,2019-05-16
0,35.14,20.81,27.975,14.330000000000002,1423.15,2019-05-17
0,30.04,14.3,22.17,15.739999999999998,890.56,2019-05-18
0,30.69,12.45,NA,18.24,705.38,2019-05-19
0,29.96,17.77,23.865,12.19,1281.21,2019-05-20
0,26.28,14.72,20.5,11.56,1102.25,2019-05-21
0,28.14,11.97,20.055,16.17,719.02,2019-05-22
1.17,26.33,13.37,19.85,12.96,889.24,2019-05-23
0,25.99,11.68,18.835,14.31,505.98,2019-05-24
0,31.4,11.23,21.315,20.17,489.89,2019-05-25
0,34.01,13.83,NA,20.18,588.04,2019-05-26
0,31.77,15.05,23.41,16.72,639.9,2019-05-27
0,28.3,15.66,21.98,12.64,667.1,2019-05-28
0,29.09,11.72,20.405,17.369999999999997,507.43,2019-05-29
0,32.9,13.7,NA,19.2,582.89,2019-05-30
0,36.06,16.75,26.405,19.31,718.55,2019-05-31
0,37.71,18.76,28.235,18.95,822.67,2019-06-01
0,37.51,17.83,27.67,19.68,772.73,2019-06-02
0,36.48,19.24,27.86,17.24,848.95,2019-06-03
0,36.6,19.92,28.26,16.68,888.4,2019-06-04
0,37.4,19.05,28.225,18.35,838.33,2019-06-05
0,38.86,20.82,29.84,18.04,942.53,2019-06-06
0,39.26,21.42,30.34,17.839999999999996,980.39,2019-06-07
0,38.38,22.8,30.590000000000003,15.580000000000002,1072.53,2019-06-08
0,39.04,19.33,29.185,19.71,854.3,2019-06-09
0,40.69,20.43,NA,20.26,918.68,2019-06-10
0,42.44,24.14,33.29,18.299999999999997,1169.2,2019-06-11
0,42.1,25.9,34,16.200000000000003,1307.79,2019-06-12
0,44.26,23.4,33.83,20.86,1114.73,2019-06-13
0,43.04,25.89,34.465,17.15,1306.35,2019-06-14
0,41.41,23.39,32.4,18.019999999999996,1113.92,2019-06-15
0,40.27,22.47,31.37,17.800000000000004,1049.98,2019-06-16
0,40.88,23,NA,17.880000000000003,1086.53,2019-06-17
0,40.66,23.69,32.175,16.969999999999995,1136.09,2019-06-18
0,40.18,21.31,30.744999999999997,18.87,973.54,2019-06-19
0,40.41,20.08,NA,20.33,897.76,2019-06-20
0,40.35,20.34,30.345,20.01,913.5,2019-06-21
0,39.8,23.8,31.799999999999997,15.999999999999996,1144.1,2019-06-22
0,38.2,22.67,30.435,15.53,1063.74,2019-06-23
0,38.28,21.33,29.805,16.950000000000003,974.45,2019-06-24
0,40.26,20.21,NA,20.049999999999997,905.57,2019-06-25
0,40.69,20.89,30.79,19.799999999999997,946.85,2019-06-26
0,40.33,21.9,31.115,18.43,1011.36,2019-06-27
0,40.7,22.22,31.46,18.480000000000004,1032.65,2019-06-28
0,43.93,23.11,33.519999999999996,20.82,1094.27,2019-06-29
0,44.12,25.34,NA,18.78,1261.74,2019-06-30
0,43.38,27.35,35.365,16.03,1432.1,2019-07-01
0,43.51,26.47,34.989999999999995,17.04,1354.99,2019-07-02
0,42.51,25.53,34.019999999999996,16.979999999999997,1277.58,2019-07-03
0,41.75,23.88,32.815,17.87,1149.35,2019-07-04
0,41.38,21.54,31.46,19.840000000000003,988.1,2019-07-05
0,41.39,22.28,31.835,19.11,1037.04,2019-07-06
0,40.93,24.42,NA,16.509999999999998,1190.47,2019-07-07
0,41.99,26.72,34.355000000000004,15.270000000000003,1376.33,2019-07-08
0,40.66,20.82,30.74,19.839999999999996,942.73,2019-07-09
0,40.36,21.25,30.805,19.11,969.27,2019-07-10
0,43.66,24.33,33.995,19.33,1182.96,2019-07-11
0,44.08,28.01,NA,16.069999999999997,1492.72,2019-07-12
0,43.6,30.14,36.870000000000005,13.46,1702.08,2019-07-13
0,42.69,29.29,35.989999999999995,13.4,1615.69,2019-07-14
0,42.95,29.58,NA,13.370000000000005,1644.6,2019-07-15
0,44.83,27.89,36.36,16.939999999999998,1481.39,2019-07-16
0,45.76,29.46,37.61,16.299999999999997,1631.95,2019-07-17
0,42.48,29.42,35.95,13.059999999999995,1628.19,2019-07-18
0,41.65,26.98,34.315,14.669999999999998,1398.96,2019-07-19
0,41.98,28.4,35.19,13.579999999999998,1528.57,2019-07-20
0,42.1,26.5,34.3,15.6,1357.86,2019-07-21
0,42.39,28.16,35.275,14.23,1505.95,2019-07-22
2.93,41.43,28.85,35.14,12.579999999999998,1571.56,2019-07-23
2.83,41.13,24.26,32.695,16.87,1177.99,2019-07-24
0,40.36,24.37,32.365,15.989999999999998,1186.43,2019-07-25
0,41.54,27.44,34.49,14.099999999999998,1440.01,2019-07-26
0,42.8,29.05,NA,13.749999999999996,1591.12,2019-07-27
0,44.34,29.45,36.895,14.890000000000004,1631.71,2019-07-28
0,43.88,30.68,37.28,13.200000000000005,1758.29,2019-07-29
0,43.44,29.52,36.48,13.919999999999998,1638.31,2019-07-30
17.35,42.36,27.16,34.76,15.2,1415.09,2019-07-31
0,37.54,24.03,30.785,13.509999999999998,1160.68,2019-08-01
0,40.65,25.85,NA,14.799999999999995,1303.11,2019-08-02
0,42.53,28.5,35.515,14.03,1538.52,2019-08-03
1.19,44.3,28.88,NA,15.419999999999998,1574.63,2019-08-04
0,43.74,27.71,35.725,16.03,1464.91,2019-08-05
0,45.87,29.5,37.685,16.369999999999997,1635.94,2019-08-06
0,42.81,28.46,35.635000000000005,14.35,1534.11,2019-08-07
0,40.65,29.09,34.87,11.56,1595.75,2019-08-08
0,41.57,27.43,NA,14.14,1439.52,2019-08-09
0,39.63,28.76,34.195,10.87,1563.08,2019-08-10
0,38.71,26.67,32.69,12.04,1372.19,2019-08-11
0,39.44,26.32,32.879999999999995,13.119999999999996,1342.31,2019-08-12
0,41.51,26.4,33.955,15.11,1349.53,2019-08-13
0,42.34,25.31,33.825,17.030000000000005,1259.52,2019-08-14
0,44.25,24.65,34.45,19.6,1207.79,2019-08-15
0,45.17,25.68,NA,19.49,1289.76,2019-08-16
0,44.27,25.65,34.96,18.620000000000005,1287.21,2019-08-17
0,42.42,25.98,NA,16.44,1314.48,2019-08-18
0,41.44,24.12,32.78,17.319999999999997,1167.63,2019-08-19
0,42.33,24.47,33.4,17.86,1193.59,2019-08-20
0,44.24,24.29,34.265,19.950000000000003,1180.6,2019-08-21
0,45.28,24.92,35.1,20.36,1228.84,2019-08-22
0,43.54,25.61,34.575,17.93,1283.73,2019-08-23
0,40.93,26.6,33.765,14.329999999999998,1366.8,2019-08-24
0,39.11,27.39,33.25,11.72,1435.46,2019-08-25
0,38.94,27.24,33.089999999999996,11.7,1422.72,2019-08-26
0,41.06,27.57,34.315,13.490000000000002,1452.23,2019-08-27
0,42.96,28.36,35.66,14.6,1524.62,2019-08-28
0.4,43.02,26.89,34.955,16.130000000000003,1391.78,2019-08-29
0,40.94,24.98,32.96,15.959999999999996,1233.29,2019-08-30
0,41.97,26.88,NA,15.09,1390.83,2019-08-31
0,41.36,27.28,34.32,14.079999999999998,1425.99,2019-09-01
0,41.95,27.13,34.54,14.820000000000004,1412.72,2019-09-02
0,39.99,24.57,32.28,15.420000000000002,1201.83,2019-09-03
0,41.93,26.53,34.230000000000004,15.4,1360.29,2019-09-04
0,43.61,28.03,35.82,15.579999999999998,1494.21,2019-09-05
0,43.28,27.7,35.49,15.580000000000002,1463.73,2019-09-06
0,41.28,28.13,34.705,13.150000000000002,1503.4,2019-09-07
0,41.37,28.26,34.815,13.109999999999996,1515.66,2019-09-08
0,39.54,27.11,NA,12.43,1411.17,2019-09-09
0,37.85,24.67,31.26,13.18,1209.62,2019-09-10
0,37.39,26.12,NA,11.27,1325.42,2019-09-11
0,37.48,24.9,31.19,12.579999999999998,1227.28,2019-09-12
0,38.77,22.46,NA,16.310000000000002,1049.06,2019-09-13
0,40.47,22.37,31.42,18.1,1042.65,2019-09-14
4.4,39.91,25.61,NA,14.299999999999995,1283.59,2019-09-15
0,37.41,23.77,30.589999999999996,13.639999999999995,1141.7,2019-09-16
0,37.79,21.72,NA,16.07,999.99,2019-09-17
0,36.71,21.23,28.97,15.48,968.13,2019-09-18
0,38.85,23,30.925,15.85,1086.53,2019-09-19
0,38.47,22.2,NA,16.27,1031.71,2019-09-20
0,36.44,18.94,27.69,17.499999999999996,832.15,2019-09-21
0,35.74,18.26,27,17.48,795.56,2019-09-22
6.97,36.71,18.02,27.365,18.69,782.61,2019-09-23
2.62,35.16,20.81,27.985,14.349999999999998,978.3,2019-09-24
1.26,30.09,18.22,NA,11.87,793.33,2019-09-25
5.46,31.86,19.87,25.865,11.989999999999998,1268.1,2019-09-26
7.63,31.17,19.96,25.565,11.21,1520.93,2019-09-27
0,30.85,20.38,25.615,10.470000000000002,1461.68,2019-09-28
0,34.09,20.14,NA,13.950000000000005,1137.91,2019-09-29
0,33.45,20.75,NA,12.700000000000005,1288.74,2019-09-30
0,32.83,16.27,24.549999999999997,16.56,798.46,2019-10-01
0,32.7,14.13,NA,18.57,654.54,2019-10-02
0,32.24,16.23,24.235,16.01,842.67,2019-10-03
0,34.8,16.72,25.76,18.08,799.07,2019-10-04
0,35.24,18.85,NA,16.39,993.2,2019-10-05
0,35.01,17.09,26.049999999999997,17.919999999999998,844.83,2019-10-06
0,35.15,15.71,25.43,19.44,747.69,2019-10-07
0,36.85,16.81,NA,20.040000000000003,795.95,2019-10-08
0,35.73,17.83,NA,17.9,937.35,2019-10-09
0,34.69,16.22,25.455,18.47,844.38,2019-10-10
0,32.21,17.05,NA,15.16,1046.7,2019-10-11
0,31.35,14.15,22.75,17.200000000000003,812.51,2019-10-12
0,32.27,14.54,NA,17.730000000000004,822,2019-10-13
0,33.59,13.75,23.67,19.840000000000003,733.39,2019-10-14
0,32.1,14.56,23.33,17.54,852.74,2019-10-15
0,33.28,16.03,24.655,17.25,956.11,2019-10-16
0,36.47,15.73,26.1,20.74,837.97,2019-10-17
0,35.83,18.83,NA,17,1177.29,2019-10-18
0,32.42,17.93,25.175,14.490000000000002,1259.5,2019-10-19
0,30.78,13.04,21.91,17.740000000000002,820.68,2019-10-20
0,31.04,11.05,21.045,19.99,681.48,2019-10-21
0,29.87,11.27,20.57,18.6,689.61,2019-10-22
0,32.25,11.26,21.755,20.99,597.57,2019-10-23
0,32.05,13.54,22.795,18.51,762.85,2019-10-24
0,30.36,13.18,NA,17.18,803.31,2019-10-25
0,28.83,13.35,21.09,15.48,890.17,2019-10-26
0,29.17,11.16,20.165,18.01,709.19,2019-10-27
0,31.16,12.43,NA,18.73,755.73,2019-10-28
0,26.57,13.06,19.815,13.51,1005.98,2019-10-29
0,24.21,5.59,14.9,18.62,325.69,2019-10-30
0,21.2,8.35,NA,12.85,527.62,2019-10-31
0,24.76,3.53,14.145,21.23,279.05,2019-11-01
0,27.4,4.66,16.03,22.74,303.81,2019-11-02
0,30.7,8.49,NA,22.21,402.7,2019-11-03
0,29.76,11.14,20.450000000000003,18.62,487.08,2019-11-04
0,29.73,10.43,20.08,19.3,462.96,2019-11-05
0,31.43,12.23,21.83,19.2,525.96,2019-11-06
0,29.98,15.66,22.82,14.32,731.35,2019-11-07
0,29.85,13.33,21.59,16.520000000000003,568,2019-11-08
0,30.38,14.59,22.485,15.79,626.83,2019-11-09
0,30.66,13.7,22.18,16.96,582.88,2019-11-10
0,30.23,14.41,22.32,15.82,637.05,2019-11-11
0,29.98,14.78,NA,15.2,687.22,2019-11-12
0,28.23,13.43,20.83,14.8,659.92,2019-11-13
0,26.33,10.94,NA,15.39,555.69,2019-11-14
0,27.62,9.97,18.795,17.65,459.28,2019-11-15
0,29.33,11.1,20.215,18.229999999999997,485.68,2019-11-16
0,27.95,12.43,20.19,15.52,616.03,2019-11-17
0,29.49,9.87,19.68,19.619999999999997,444.73,2019-11-18
0,28.55,9.27,18.91,19.28,426.16,2019-11-19
13.88,25.78,11.62,NA,14.160000000000002,886.47,2019-11-20
9.51,20.36,12.51,NA,7.85,1449.62,2019-11-21
7.05,17.72,10.26,13.989999999999998,7.459999999999999,1248.79,2019-11-22
0,18.72,9.09,13.905,9.63,1152.04,2019-11-23
0,21.63,7.2,NA,14.43,878.67,2019-11-24
0,22.26,8.26,15.260000000000002,14.000000000000002,953.34,2019-11-25
0,20.25,7.64,13.945,12.61,956.85,2019-11-26
0,17.45,6.37,NA,11.079999999999998,925.11,2019-11-27
0,20.04,4.3,12.17,15.739999999999998,709.72,2019-11-28
15.99,20.64,11.36,16,9.28,1343.48,2019-11-29
6.46,18.29,7.36,12.825,10.93,1026.55,2019-11-30
0,14.9,4.28,NA,10.62,829.35,2019-12-01
0,18.94,3.25,11.095,15.69,759.67,2019-12-02
0,19.82,5.1,12.46,14.72,870.23,2019-12-03
0,19.31,5.14,12.225,14.169999999999998,880.7,2019-12-04
0,23.22,12.05,17.634999999999998,11.169999999999998,1406.13,2019-12-05
0,21.61,11.78,16.695,9.83,1381.45,2019-12-06
0,21.49,9.82,15.655,11.669999999999998,1212.88,2019-12-07
3.23,20.92,9.3,NA,11.62,1170.71,2019-12-08
0,18.05,12.78,15.415,5.270000000000001,1475.9,2019-12-09
2.21,18.15,11.27,NA,6.879999999999999,1335.63,2019-12-10
0,19.05,6.62,12.835,12.43,975.75,2019-12-11
0,19.56,7.16,13.36,12.4,1012.56,2019-12-12
0,19.11,6.34,12.725,12.77,956.82,2019-12-13
0,20.87,6.56,13.715,14.310000000000002,971.31,2019-12-14
0,22.1,7.91,15.005,14.19,1045.92,2019-12-15
0,19.24,8.31,NA,10.929999999999998,1095.47,2019-12-16
0,15.62,3.46,NA,12.16,782.78,2019-12-17
0,16.5,2.86,9.68,13.64,750.25,2019-12-18
0,19.23,5.65,NA,13.58,907.22,2019-12-19
0,17.82,2.14,NA,15.68,700.41,2019-12-20
0,19.31,1.85,10.58,17.459999999999997,673.17,2019-12-21
0,21.63,3.88,12.755,17.75,767.81,2019-12-22
0,21.86,8.51,15.185,13.35,1073.36,2019-12-23
3.61,18.57,9.62,14.095,8.950000000000001,1196.05,2019-12-24
10.33,16.31,10.79,13.55,5.52,1293.91,2019-12-25
6.49,14.29,7.68,10.985,6.609999999999999,1049.12,2019-12-26
4.64,16.29,4.26,10.275,12.03,827.72,2019-12-27
5,12.82,7.09,9.955,5.73,1007.28,2019-12-28
0,12.07,4.92,8.495000000000001,7.15,867.23,2019-12-29
0,11.6,-0.36,5.62,11.96,594.8,2019-12-30
0,12.75,1.24,6.995,11.51,667.85,2019-12-31
0,16.61,5.66,11.135,10.95,913.23,2020-01-01
0,16.12,2,9.06,14.12,312.26,2020-01-02
0,17,2.95,9.975,14.05,327.01,2020-01-03
0,18.03,2.18,10.105,15.85,273.87,2020-01-04
0,19.88,2.59,11.235,17.29,259.83,2020-01-05
0,20.31,2.6,11.455,17.709999999999997,260.18,2020-01-06
0,21.28,3.26,12.27,18.020000000000003,273.42,2020-01-07
0,22.48,3.23,12.855,19.25,272.76,2020-01-08
0,20.56,4.2,12.38,16.36,293.5,2020-01-09
0,17.59,4.53,11.06,13.06,367.71,2020-01-10
0,17.21,4.58,10.895,12.63,380.18,2020-01-11
0,17.77,1.92,9.845,15.85,255.13,2020-01-12
0,18.92,1.22,10.07,17.700000000000003,234.07,2020-01-13
0,20.38,2.11,11.245,18.27,250.6,2020-01-14
0,20.55,3.96,12.255,16.59,288.25,2020-01-15
0,19.6,5.06,12.33,14.540000000000004,315.25,2020-01-16
0,19.08,8.66,13.87,10.419999999999998,552.71,2020-01-17
0,18.94,5.07,NA,13.87,327.11,2020-01-18
0,21.71,3.22,12.465,18.49,272.71,2020-01-19
0,24.13,4.66,14.395,19.47,303.88,2020-01-20
3.22,22.55,9.49,16.02,13.06,612.38,2020-01-21
0,18.84,10.56,NA,8.28,836.95,2020-01-22
0,18.27,9.7,NA,8.57,769.64,2020-01-23
0,21.39,5.66,13.525,15.73,329.88,2020-01-24
0,22.09,5.82,13.955,16.27,331.1,2020-01-25
0,22.51,5.74,14.125,16.770000000000003,329.23,2020-01-26
0,22.39,6.27,14.33,16.12,342.47,2020-01-27
0,22.25,8.58,15.415,13.67,426.72,2020-01-28
0,20.63,5.23,12.93,15.4,317.1,2020-01-29
0,19.84,5.84,12.84,14,354.06,2020-01-30
0,20.73,4.53,NA,16.2,300.88,2020-01-31
0,23.07,4.88,NA,18.19,308.82,2020-02-01
0,25.9,4.59,15.245,21.31,302.2,2020-02-02
0,25.95,6.34,16.145,19.61,344.17,2020-02-03
0,20.43,11.02,NA,9.41,692.57,2020-02-04
0,13.04,0.22,6.63,12.82,281.76,2020-02-05
0,13.73,-1.27,6.23,15,214.84,2020-02-06
0,17.34,-0.55,8.395,17.89,204.09,2020-02-07
0,20.82,1.38,NA,19.44,236.92,2020-02-08
0,22.92,3.6,13.260000000000002,19.32,280.56,2020-02-09
0,23.16,5.57,14.365,17.59,325.06,2020-02-10
5.85,20.57,8.97,14.77,11.6,634.59,2020-02-11
0,17.6,6.87,12.235,10.73,550.44,2020-02-12
0,18.9,3.2,11.05,15.7,302.16,2020-02-13
0,19.87,2.97,11.42,16.900000000000002,271.4,2020-02-14
0,22.41,5.89,14.15,16.52,332.83,2020-02-15
0,23.02,4.49,13.755,18.53,300.05,2020-02-16
0,24.15,4.32,14.235,19.83,296.28,2020-02-17
0,24.79,6.04,15.415,18.75,336.72,2020-02-18
0,25.9,6.55,16.224999999999998,19.35,349.49,2020-02-19
0,25.88,9.06,17.47,16.82,419.64,2020-02-20
0,26.18,7.33,NA,18.85,370.19,2020-02-21
5.72,24.31,13.75,19.03,10.56,1017.12,2020-02-22
10.43,21.07,13.17,17.12,7.9,1297.42,2020-02-23
0,19.17,7.6,13.385000000000002,11.570000000000002,713.9,2020-02-24
0,21.17,6.24,13.705000000000002,14.93,538.07,2020-02-25
0,20.36,5.95,13.155,14.41,538.89,2020-02-26
0,20.57,6.13,13.35,14.44,538.91,2020-02-27
0,24.45,5.4,14.925,19.049999999999997,409.42,2020-02-28
0,25.96,7.67,NA,18.29,475.91,2020-02-29
0,26.11,8.58,17.345,17.53,513.73,2020-03-01
0,24.32,11.01,NA,13.31,734.88,2020-03-02
0,21.89,8.03,14.96,13.86,588.45,2020-03-03
0,23.54,8.85,16.195,14.69,577.38,2020-03-04
0,25.1,7.86,16.48,17.240000000000002,472.96,2020-03-05
0,29.42,9.27,19.345,20.15,443.2,2020-03-06
0,30.16,12.35,NA,17.810000000000002,581.57,2020-03-07
0,29.19,10.93,20.06,18.26,518.71,2020-03-08
0,25.74,12.14,18.94,13.599999999999998,719,2020-03-09
1.2,25.16,10.03,17.595,15.13,569.16,2020-03-10
14.47,23.37,12.74,18.055,10.63,793.17,2020-03-11
5.26,20.89,14.5,17.695,6.390000000000001,1480.57,2020-03-12
2.94,21.82,14.5,18.16,7.32,1461.19,2020-03-13
1.94,20.61,10.62,NA,9.99,823.4,2020-03-14
0,23.9,8.2,NA,15.7,501.11,2020-03-15
0,25.39,9.75,NA,15.64,540.96,2020-03-16
0,25.66,9.86,17.759999999999998,15.8,530.74,2020-03-17
0,24.19,11.12,17.655,13.070000000000002,664.97,2020-03-18
11.95,20.75,9.26,15.005,11.49,837.36,2020-03-19
1.27,19.25,8.66,13.955,10.59,794.73,2020-03-20
0,22.51,6.66,14.585,15.85,540.4,2020-03-21
0,24.05,9.44,16.745,14.61,661.91,2020-03-22
0,24.45,9.84,17.145,14.61,674.83,2020-03-23
0,25.5,11.95,18.725,13.55,804.66,2020-03-24
0,25.84,9.42,17.63,16.42,602.81,2020-03-25
0,25.51,9.93,17.72,15.580000000000002,640.93,2020-03-26
0,22.46,11.93,17.195,10.53,949.49,2020-03-27
0,19.75,8.79,14.27,10.96,761.36,2020-03-28
0,22.73,5.25,13.99,17.48,438.81,2020-03-29
0,25.35,8.1,16.725,17.25,513.58,2020-03-30
0,25.24,8.94,17.09,16.299999999999997,556.34,2020-03-31
0,27.43,10.36,18.895,17.07,579.51,2020-04-01
0,30.03,12.96,21.495,17.07,668.1,2020-04-02
0,29.68,11.69,20.685,17.990000000000002,594.29,2020-04-03
0,29.79,10.77,NA,19.02,537.35,2020-04-04
0,29.46,11.62,20.54,17.840000000000003,585.6,2020-04-05
0,29.69,11.3,NA,18.39,557.71,2020-04-06
0,29.35,10.53,19.94,18.82,521.15,2020-04-07
0,28.99,10.11,NA,18.88,506.67,2020-04-08
0,27.28,11.47,19.375,15.81,627.03,2020-04-09
0,23.99,9.24,16.615,14.749999999999998,587.03,2020-04-10
0,25.49,8.62,17.055,16.869999999999997,509.4,2020-04-11
0,23.81,12.56,18.185,11.249999999999998,894.23,2020-04-12
0,25.39,9.49,17.44,15.9,561.89,2020-04-13
0,25.84,11.14,NA,14.7,654.95,2020-04-14
0,27.26,10.47,18.865,16.79,557.65,2020-04-15
0,29.03,9.13,NA,19.9,446.4,2020-04-16
0,30.78,10.15,20.465,20.630000000000003,457.82,2020-04-17
0,30.42,11.21,20.815,19.21,517.21,2020-04-18
0,27.41,11.65,19.53,15.76,635.6,2020-04-19
0,29.01,11.44,20.225,17.57,564.86,2020-04-20
0,30.49,13.06,21.775,17.43,578.73,2020-04-21
0,29.85,13.27,21.56,16.580000000000002,613.75,2020-04-22
0,33.06,13.16,23.11,19.9,561.14,2020-04-23
0,35.74,15.68,25.71,20.06,667.97,2020-04-24
0,36.69,16.84,NA,19.85,722.68,2020-04-25
0,37.53,16.45,26.99,21.08,704.07,2020-04-26
0,38.76,18.32,28.54,20.44,798.54,2020-04-27
0,38.41,19.02,28.714999999999996,19.389999999999997,836.79,2020-04-28
0,38.54,17.77,28.155,20.77,769.46,2020-04-29
0,39.66,19.56,29.61,20.1,867.23,2020-04-30
0,38.76,20.25,29.505,18.51,907.84,2020-05-01
0,38.54,17.63,28.085,20.91,762.35,2020-05-02
0,37.53,18.01,27.770000000000003,19.52,782.25,2020-05-03
0,36.41,17.58,26.994999999999997,18.83,759.74,2020-05-04
0,37.11,17.11,NA,20,736.26,2020-05-05
0,39.67,17.99,28.83,21.680000000000003,781.21,2020-05-06
0,41.16,18.8,NA,22.359999999999996,824.71,2020-05-07
0,40.37,19.16,NA,21.209999999999997,844.48,2020-05-08
0,39.37,20.49,29.93,18.88,922.41,2020-05-09
0,38.44,22.56,30.5,15.88,1102.27,2020-05-10
0,38.51,24.15,31.33,14.36,1351.54,2020-05-11
0,37.54,20.37,28.955,17.169999999999998,915.19,2020-05-12
0,35.28,19.78,27.53,15.5,880.15,2020-05-13
0,33.5,17.64,NA,15.86,763.11,2020-05-14
0,33.22,17.17,25.195,16.049999999999997,738.93,2020-05-15
0,35.11,17.66,NA,17.45,763.91,2020-05-16
0,37.24,18.61,27.925,18.630000000000003,813.96,2020-05-17
0,38.63,18.73,NA,19.9,820.82,2020-05-18
0,37.92,18.67,28.295,19.25,817.49,2020-05-19
0,32.85,17.85,NA,15,773.63,2020-05-20
0,31.03,13.28,22.155,17.75,565.87,2020-05-21
0,33.87,13.41,NA,20.459999999999997,570.93,2020-05-22
0,35.96,15.23,25.595,20.73,647.63,2020-05-23
0,34.77,16.87,NA,17.900000000000002,724.31,2020-05-24
0,34.81,17.96,26.385,16.85,779.33,2020-05-25
0,37.13,17.27,27.200000000000003,19.860000000000003,743.97,2020-05-26
0,39.88,18.15,29.015,21.730000000000004,789.69,2020-05-27
0,41.74,19.52,NA,22.22,865.13,2020-05-28
0,42.76,22.45,NA,20.31,1048.33,2020-05-29
0,44.31,23.15,33.730000000000004,21.160000000000004,1096.73,2020-05-30
0,43.73,25.16,34.445,18.569999999999997,1247.71,2020-05-31
0,42.31,24.16,33.235,18.15,1170.42,2020-06-01
0,41.04,24.91,NA,16.13,1228.18,2020-06-02
0,41.77,26.67,34.22,15.1,1372.3,2020-06-03
0,43.17,26.19,34.68,16.98,1331.8,2020-06-04
0,43.1,25.93,34.515,17.17,1309.71,2020-06-05
0,41.45,25.21,33.33,16.240000000000002,1251.59,2020-06-06
0,37.43,20.71,29.07,16.72,936.05,2020-06-07
0,35.79,20.62,NA,15.169999999999998,930.21,2020-06-08
0,34.07,18.64,26.355,15.43,815.82,2020-06-09
0,36.6,16.94,26.770000000000003,19.66,727.69,2020-06-10
0,40.94,17.34,29.14,23.6,747.46,2020-06-11
0,42.42,20.02,31.22,22.4,894.47,2020-06-12
0,42.44,21.59,32.015,20.85,991.2,2020-06-13
0,41.73,21.79,31.76,19.94,1004.53,2020-06-14
0,41.5,19.35,30.425,22.15,855.64,2020-06-15
0,41.59,20.88,NA,20.710000000000004,946.5,2020-06-16
0,41.19,21.89,31.54,19.299999999999997,1011.04,2020-06-17
0,40.38,21.45,30.915,18.930000000000003,982.08,2020-06-18
0,39.68,20.65,30.165,19.03,932.24,2020-06-19
0,39.9,20.6,NA,19.299999999999997,929.15,2020-06-20
0,41.41,20.69,31.049999999999997,20.719999999999995,934.78,2020-06-21
0,42.18,22.26,NA,19.92,1035.67,2020-06-22
0,42.5,23.17,32.835,19.33,1098.04,2020-06-23
0,43.36,23.01,33.185,20.35,1086.75,2020-06-24
0,43.79,22.54,33.165,21.25,1054.56,2020-06-25
0,43.99,23.81,33.9,20.180000000000003,1144.22,2020-06-26
0,43.13,23.32,33.225,19.81,1109.15,2020-06-27
0,42.05,24.48,33.265,17.569999999999997,1194.75,2020-06-28
0,40.24,24.06,32.15,16.180000000000003,1163.37,2020-06-29
0,38.77,24.49,NA,14.280000000000005,1195.59,2020-06-30
0,38.63,20.77,29.700000000000003,17.860000000000003,939.37,2020-07-01
0,40.16,21.14,30.65,19.019999999999996,962.62,2020-07-02
0,40.21,23.7,31.955,16.51,1136.48,2020-07-03
0,40.99,26.74,33.865,14.250000000000004,1378.8,2020-07-04
0,42.91,26.6,NA,16.309999999999995,1366.8,2020-07-05
0,43.99,26.37,35.18,17.62,1346.85,2020-07-06
0,44.08,25.59,34.835,18.49,1281.88,2020-07-07
0,43.97,26.1,35.035,17.869999999999997,1324.09,2020-07-08
0,44.07,28.09,36.08,15.98,1499.89,2020-07-09
0,43.54,27.85,NA,15.689999999999998,1477.05,2020-07-10
0,43.87,29.67,36.77,14.199999999999996,1653.71,2020-07-11
0,45.5,30.57,38.035,14.93,1747.15,2020-07-12
0,46.18,30.42,38.3,15.759999999999998,1730.62,2020-07-13
0,45.24,30.62,37.93,14.62,1752.42,2020-07-14
0,43.9,29.05,NA,14.849999999999998,1591.46,2020-07-15
0,43.58,27.93,35.754999999999995,15.65,1485.05,2020-07-16
0,43.82,28.46,36.14,15.36,1534.38,2020-07-17
0,43.12,28.24,35.68,14.88,1513.32,2020-07-18
0,42.9,29.45,36.175,13.45,1631.65,2020-07-19
0,42.58,30.45,36.515,12.13,1734.17,2020-07-20
0,41.15,29.59,35.37,11.56,1645.45,2020-07-21
0,42.41,29.09,NA,13.319999999999997,1595.76,2020-07-22
0,41.73,28.36,35.045,13.369999999999996,1525.35,2020-07-23
0,39.06,27.07,33.065,11.990000000000002,1407.68,2020-07-24
11.33,40.05,24.43,32.239999999999995,15.619999999999996,1191.23,2020-07-25
0,41,25.52,33.26,15.48,1276.16,2020-07-26
0,43.06,26.87,NA,16.19,1389.58,2020-07-27
0,43.61,27.96,NA,15.65,1487.46,2020-07-28
0,45.46,28.6,37.03,16.86,1548.32,2020-07-29
0,45.35,28.57,36.96,16.78,1545.12,2020-07-30
0,46.52,28.57,NA,17.950000000000003,1545.14,2020-07-31
0,45.98,29.07,37.525,16.909999999999997,1593.48,2020-08-01
0,44.62,31.12,37.87,13.499999999999996,1806.3,2020-08-02
0,43.47,30.74,37.105,12.73,1765.07,2020-08-03
0,44.77,28.6,36.685,16.17,1547.67,2020-08-04
0,43.98,27.79,35.885,16.189999999999998,1471.64,2020-08-05
0,43.63,27.95,35.79,15.680000000000003,1486.39,2020-08-06
0,43.06,24.37,33.715,18.69,1186.05,2020-08-07
0,42.72,25.33,34.025,17.39,1261.4,2020-08-08
0,43.57,26.25,34.91,17.32,1336.37,2020-08-09
0,44.04,25.36,34.7,18.68,1263.52,2020-08-10
0,44.19,26.08,35.135,18.11,1322.15,2020-08-11
0,43.16,27.68,35.42,15.479999999999997,1461.84,2020-08-12
0,43.69,28.67,36.18,15.019999999999996,1554.59,2020-08-13
0,45.7,28.84,37.27,16.860000000000003,1571.08,2020-08-14
0,46.08,28.57,37.325,17.509999999999998,1544.94,2020-08-15
0,45.31,29.97,37.64,15.340000000000003,1684.32,2020-08-16
0,45.2,29.79,37.495000000000005,15.410000000000004,1666,2020-08-17
0,45.86,28.65,37.254999999999995,17.21,1552.95,2020-08-18
0,45.32,28.65,36.985,16.67,1552.55,2020-08-19
1.11,44.93,28.58,NA,16.35,1545.52,2020-08-20
5.05,43.59,29.8,36.695,13.790000000000004,1666.45,2020-08-21
0,40.84,25.83,33.335,15.010000000000003,1301.57,2020-08-22
0,41.03,28.34,34.685,12.69,1523.14,2020-08-23
0,43.46,29.06,36.26,14.400000000000002,1592.88,2020-08-24
0,45.51,28.91,NA,16.599999999999998,1577.97,2020-08-25
0,44.61,29.21,36.91,15.4,1607.13,2020-08-26
0,43.97,28.37,36.17,15.599999999999998,1525.79,2020-08-27
0,44.3,28.84,36.57,15.459999999999996,1571.21,2020-08-28
0,43.55,28.34,NA,15.209999999999996,1522.81,2020-08-29
0,41.42,27.78,34.6,13.64,1471.16,2020-08-30
0,38.83,24.01,31.42,14.819999999999997,1159.33,2020-08-31
0,38.06,22.57,30.315,15.490000000000002,1056.63,2020-09-01
0,38.45,26.4,32.425,12.050000000000004,1349.24,2020-09-02
0,39.52,26.58,33.05,12.940000000000005,1364.62,2020-09-03
0,42.42,26.65,NA,15.770000000000003,1370.42,2020-09-04
0,45.34,26.07,35.705,19.270000000000003,1321.39,2020-09-05
0,45.84,27.58,36.71,18.260000000000005,1453.12,2020-09-06
0,44.43,26.82,35.625,17.61,1385.09,2020-09-07
0,42.7,26.1,NA,16.6,1324,2020-09-08
6.71,40.17,26.01,33.09,14.16,1316.62,2020-09-09
0,35.44,18.7,27.07,16.74,819.1,2020-09-10
0,33,17.2,NA,15.8,740.58,2020-09-11
0,33.46,17.35,NA,16.11,748.37,2020-09-12
0,36.48,18.13,27.305,18.35,788.27,2020-09-13
0,38.8,19.58,29.19,19.22,868.58,2020-09-14
0,40.29,22.38,31.335,17.91,1043.48,2020-09-15
0,40.34,22.96,31.65,17.380000000000003,1083.74,2020-09-16
0,41.75,21.23,31.49,20.52,968.02,2020-09-17
0,42.17,21.58,31.875,20.590000000000003,990.8,2020-09-18
0,40.92,22.99,31.955,17.930000000000003,1085.35,2020-09-19
0,40.49,23.38,31.935,17.110000000000003,1113.41,2020-09-20
0,40.42,22.55,31.485,17.87,1055.51,2020-09-21
0,39.22,23.92,31.57,15.299999999999995,1152.53,2020-09-22
0,38.99,25.69,32.34,13.3,1290.52,2020-09-23
0,39.7,22.11,NA,17.590000000000003,1025.83,2020-09-24
0,40.41,21.87,31.14,18.539999999999996,1009.91,2020-09-25
0,40.29,21.83,31.06,18.46,1007.06,2020-09-26
0,39.88,21.16,30.520000000000003,18.72,963.74,2020-09-27
0,39.21,20.25,29.73,18.96,907.76,2020-09-28
0,39.03,20.66,29.845,18.37,932.87,2020-09-29
0,39.26,21.91,NA,17.349999999999998,1012.34,2020-09-30
0,40.2,19.72,29.96,20.480000000000004,876.72,2020-10-01
0,41.02,19.66,30.340000000000003,21.360000000000003,873.42,2020-10-02
0,40.46,19.2,29.83,21.26,846.79,2020-10-03
0,40.03,19.1,29.565,20.93,841.08,2020-10-04
0,40.27,18.24,29.255000000000003,22.030000000000005,794.42,2020-10-05
0,40.3,18.58,29.44,21.72,812.57,2020-10-06
0,39.88,18.6,29.24,21.28,813.69,2020-10-07
0,39.79,18.48,29.135,21.31,806.92,2020-10-08
0,38.82,18.55,28.685,20.27,810.81,2020-10-09
0,37.52,20.1,28.81,17.42,898.98,2020-10-10
0,35.67,18.06,26.865,17.610000000000003,784.62,2020-10-11
0,34.31,16.87,25.590000000000003,17.44,724.37,2020-10-12
0,36.51,16.8,26.655,19.709999999999997,720.86,2020-10-13
0,38.31,17.54,27.925,20.770000000000003,757.58,2020-10-14
0,37.69,17.18,27.435,20.51,739.53,2020-10-15
0,37.1,18.27,27.685,18.83,795.79,2020-10-16
0,38.16,17.32,NA,20.839999999999996,746.75,2020-10-17
0,36.39,16.61,26.5,19.78,711.45,2020-10-18
0,36.09,15.98,26.035000000000004,20.110000000000003,682,2020-10-19
0,35.73,16.44,26.085,19.289999999999996,703.64,2020-10-20
0,36.03,15.94,25.985,20.090000000000003,679.78,2020-10-21
0,36.19,16.26,26.225,19.929999999999996,695.11,2020-10-22
0,34.97,16.5,25.735,18.47,706.19,2020-10-23
0,33.43,17.25,25.34,16.18,743.37,2020-10-24
0,31.18,18.33,24.755,12.85,799.21,2020-10-25
0,29.67,17.8,23.735,11.87,771,2020-10-26
0,23.36,12.5,17.93,10.86,535.94,2020-10-27
0,19.59,6.61,13.1,12.98,351.13,2020-10-28
0,23.4,5.55,NA,17.849999999999998,324.64,2020-10-29
0,29.34,8.13,18.735,21.21,392.28,2020-10-30
0,30.36,12.66,21.51,17.7,541.84,2020-10-31
0,30.9,12.97,21.935,17.93,554.03,2020-11-01
0,35,15.59,25.295,19.41,663.82,2020-11-02
0,34.79,18.58,26.685,16.21,812.52,2020-11-03
0,33.82,17.22,25.52,16.6,741.88,2020-11-04
0,33.43,14.53,23.98,18.9,617.15,2020-11-05
0,36.33,15.98,NA,20.35,681.95,2020-11-06
0,32.61,18.37,25.49,14.239999999999998,801.32,2020-11-07
0,29.15,16.41,22.78,12.739999999999998,702.25,2020-11-08
0,21.15,9.53,15.34,11.62,434.08,2020-11-09
0,19.03,8.31,13.670000000000002,10.72,432.28,2020-11-10
0,19.32,4.1,11.71,15.22,291.38,2020-11-11
0,21.67,2.98,12.325,18.69,267.77,2020-11-12
0,23.01,5.24,14.125,17.770000000000003,317.16,2020-11-13
0,24.7,7.57,NA,17.13,376.78,2020-11-14
0,24.78,6.68,15.73,18.1,352.94,2020-11-15
0,28.32,6.72,17.52,21.6,354,2020-11-16
0,32.28,9.07,20.675,23.21,419.96,2020-11-17
0,32.51,12.62,22.565,19.89,540.51,2020-11-18
0,31.87,13.13,22.5,18.74,560.09,2020-11-19
0,30.48,12.32,21.4,18.16,529.24,2020-11-20
0,29.91,12.46,21.185,17.45,534.27,2020-11-21
0,29.28,12.69,20.985,16.590000000000003,542.93,2020-11-22
0,28.08,11.34,19.71,16.74,493.96,2020-11-23
0,25.83,10.63,18.23,15.199999999999998,469.54,2020-11-24
0,23.37,8.11,15.74,15.260000000000002,391.64,2020-11-25
0,22.41,5.14,13.775,17.27,314.91,2020-11-26
0,21.13,5.03,13.08,16.099999999999998,312.24,2020-11-27
0,19.79,4.06,11.925,15.73,290.51,2020-11-28
0,21.52,3.42,12.47,18.1,276.73,2020-11-29
0,23,3.7,13.35,19.3,282.75,2020-11-30
0,22.9,6.22,NA,16.68,341.18,2020-12-01
0,21.29,3.14,12.215,18.15,271.07,2020-12-02
0,19.67,3.73,11.7,15.94,283.23,2020-12-03
0,18.69,7.26,12.975,11.43,467.76,2020-12-04
0,19.95,2.03,NA,17.919999999999998,248.97,2020-12-05
0,21.51,1.73,NA,19.78,243.37,2020-12-06
0,22.76,2.58,12.670000000000002,20.18,259.75,2020-12-07
0,26.33,4.57,15.45,21.76,301.72,2020-12-08
0,26.83,9.09,17.96,17.74,420.57,2020-12-09
17.25,26.11,10.17,18.14,15.94,574.17,2020-12-10
4.97,21.11,10.07,15.59,11.04,797.85,2020-12-11
0,19.18,5.96,12.57,13.22,453.66,2020-12-12
0,18.99,5.8,12.395,13.189999999999998,449.66,2020-12-13
0,17,3.36,10.18,13.64,381.93,2020-12-14
0,16.98,2.86,9.92,14.12,357.52,2020-12-15
0,16.74,0.96,8.85,15.779999999999998,286.63,2020-12-16
0,17.5,0.23,8.865,17.27,248.26,2020-12-17
0,17.65,1.77,9.71,15.88,292.99,2020-12-18
0,18.31,1.51,9.91,16.799999999999997,271.02,2020-12-19
0,19.53,0.77,NA,18.76,230.95,2020-12-20
0,20.93,1.35,11.14,19.58,236.46,2020-12-21
0,23.54,2.78,13.16,20.76,263.62,2020-12-22
0,21.77,4.29,NA,17.48,298.71,2020-12-23
0,19.58,3.95,NA,15.63,333.95,2020-12-24
0,17.62,3.55,NA,14.07,367.05,2020-12-25
0,21.35,4.31,12.83,17.040000000000003,306.11,2020-12-26
0,21.77,3.24,12.505,18.53,273.04,2020-12-27
0,22.11,3.87,12.99,18.24,286.34,2020-12-28
0,19.17,7.89,13.53,11.28,573.46,2020-12-29
0,16.29,4.01,10.15,12.28,423.18,2020-12-30
0,17.57,1.77,NA,15.8,286.27,2020-12-31
